,N,x,xmobile,logQ,dlogQ_-2.50,mu_-2.50,ddxdmu_-2.50,dxdmu_-2.50,dxmobile,dxmobdmu_-2.50,V_-2.50,x_-2.50,xmobile_-2.50,S_-2.50,dS_-2.50,dx,dSmob_-2.50,dSmobvib_-2.50,dH_-2.50,dG_-2.50,min_amp_-2.50,max_amp_-2.50,total_amp_-2.50
0,0,0.0,0.0,0.0,5.6621034940177984874,-4.242961193570970174,-0.78760790468575077425,0.25143143614892347323,1.0,0.25143143614892347323,4.242961193570970174,0.0,0.0,0.0,46.956890804124344862,1.0,46.956890804124344862,46.956890804124344862,-395.6251509336204963,-409.38351993922892935,-11.321596173824640341,11.321596173824706177,22.643192347649346519
1,1,0.005,0.005,5.3042582481459390545,4.9464130022740796216,-4.224890883299323406,-0.6437730788016869574,0.30760743671666537227,1.0,0.30760743671666537227,4.224890883299323406,0.005,0.005,0.22026323375902676897,41.14840269948636273,1.0,41.14840269948636273,41.14840269948636273,-395.583518060185728,-407.64000005113523228,-11.321596173824640341,11.321596173824706177,22.643192347649346519
2,2,0.01,0.01,9.892826004548159243,4.3745573364144245726,-4.2104522266008025575,-0.47049544494673020906,0.4208954384665801868,1.0000000000000004,0.42089543846658037372,4.2104522266008025575,0.01,0.01,0.4114840269948636273,36.535607977705439695,1.0000000000000004,36.535607977705455922,36.535607977705455922,-395.54194832672618445,-406.2468814641938783,-11.321596173824640341,11.321596173824706177,22.643192347649346519
3,3,0.015,0.015,14.0533729209747882,4.0054221123806192035,-4.2011320133138649706,-0.32356056362197948596,0.61203190024339110796,1.0000000000000004,0.61203190024339137977,4.2011320133138649706,0.015,0.015,0.58561931353608105905,33.607873241166988543,1.0000000000000004,33.60787324116700347,33.60787324116700347,-395.50051073010098157,-405.3476175897629092,-11.321596173824640341,11.321596173824706177,22.643192347649346519
4,4,0.02,0.02,17.90367022930939765,3.7274362091704656007,-4.1941132089841991937,-0.25165113578693180246,0.78692029733197961793,1.0,0.78692029733197961793,4.1941132089841991937,0.02,0.02,0.7475627594065334358,31.43750261628000199,1.0,31.43750261628000199,31.43750261628000199,-395.45921765635106726,-404.67040592292110784,-11.321596173824640341,11.321596173824706177,22.643192347649346519
5,5,0.025,0.025,21.508245339315719401,3.5021198408067555985,-4.1884242460420020105,-0.20807309997125694669,0.9517298806272332815,1.0000000000000004,0.9517298806272337042,4.1884242460420020105,0.025,0.025,0.8999943396988811683,29.7045102944261745,1.0000000000000004,29.704510294426187691,29.704510294426187691,-395.4180829277509155,-404.12150444401778462,-11.321596173824640341,11.321596173824706177,22.643192347649346519
6,6,0.03,0.03,24.907909910922908847,3.3112900092279517073,-4.1836060260076496447,-0.17863677789075533804,1.1085588809628378476,0.9999999999999996,1.1085588809628373553,4.1836060260076496447,0.03,0.03,1.0446078623507951142,28.257661717305890957,0.9999999999999996,28.257661717305878408,28.257661717305878408,-395.37712200059945708,-403.65661688377008312,-11.321596173824640341,11.321596173824706177,22.643192347649346519
7,7,0.035,0.035,28.130825357771622816,3.1448462850252449224,-4.179403525382297847,-0.15735578213080178784,1.2584817914906430469,1.0000000000000004,1.2584817914906436058,4.179403525382297847,0.035,0.035,1.1825709568719401782,27.012918159720005214,1.0000000000000004,27.01291815972001721,27.01291815972001721,-395.33635219439533365,-403.25113721519329518,-11.321596173824640341,11.321596173824706177,22.643192347649346519
8,8,0.04,0.04,31.197602480973398692,2.9965784449663481316,-4.17565994361884112,-0.141228508132890734,1.4021913083656206184,1.0000000000000004,1.402191308365621241,4.17565994361884112,0.04,0.04,1.3147370439479951342,25.918578591898046026,1.0000000000000004,25.918578591898057536,25.918578591898057536,-395.29579295799702723,-402.88993648542315473,-11.321596173824640341,11.321596173824706177,22.643192347649346519
9,9,0.045,0.045,34.12398224770431908,2.8623892687594634544,-4.172271830912121809,-0.12857369661232115202,1.5402013927816530953,1.0,1.5402013927816530953,4.172271830912121809,0.045,0.045,1.4417567427909204912,24.94050213714346105,1.0,24.94050213714346105,24.94050213714346105,-395.2554661794681137,-402.5630333056511478,-11.321596173824640341,11.321596173824706177,22.643192347649346519
10,10,0.05,0.05,36.9223810184923256,2.7394310517417058276,-4.169167286199580072,-0.118372933287532977956,1.6729279329114942193,1.0,1.6729279329114942193,4.169167286199580072,0.05,0.05,1.5641420653194298696,24.054927407286318466,1.0,24.054927407286318466,24.054927407286318466,-395.21539654764142674,-402.26349027797631805,-11.321596173824640341,11.321596173824706177,22.643192347649346519
11,11,0.055,0.055,39.602844351187730734,2.6256434021843974985,-4.1662942871080701807,-0.10997195798661355947,1.8007262053248889584,1.0,1.8007262053248889584,4.1662942871080701807,0.055,0.055,1.6823060168637836119,23.244628093494680773,1.0,23.244628093494680773,23.244628093494680773,-395.17561197505402326,-401.98628800644796472,-11.321596173824640341,11.321596173824706177,22.643192347649346519
12,12,0.06,0.06,42.173667822861120598,2.5194871357684787087,-4.1636139711145720268,-0.10293066399533575862,1.9239105132592590062,1.0,1.9239105132592590062,4.1636139711145720268,0.06,0.06,1.7965883462543765452,22.496698750014267415,1.0,22.496698750014267415,22.496698750014267415,-395.13614409387124307,-401.72767682762542343,-11.321596173824640341,11.321596173824706177,22.643192347649346519
13,13,0.065,0.065,44.64181862272468815,2.4197820741937259813,-4.161096540159300097,-0.09694180641865352433,2.0427655921963299927,1.0,2.0427655921963299927,4.161096540159300097,0.065,0.065,1.9072730043639264325,21.801204187719244884,1.0,21.801204187719244884,21.801204187719244884,-395.09702883881198143,-401.48478166581372018,-11.321596173824640341,11.321596173824706177,22.643192347649346519
14,14,0.07,0.07,47.01323197124857256,2.32560352293117166,-4.1587186468354665364,-0.09178421405722870206,2.1575538738492519289,0.9999999999999991,2.1575538738492500126,4.1587186468354665364,0.07,0.07,2.01460038813156918,21.150316398336084137,0.9999999999999991,21.150316398336065351,21.150316398336065351,-395.05830713400228663,-401.25534983871475928,-11.321596173824640341,11.321596173824706177,22.643192347649346519
15,15,0.075,0.075,49.29302566858703147,2.2362136460792685771,-4.1564616616882660524,-0.08729450939698429283,2.2685205285571367704,1.0,2.2685205285571367704,4.1564616616882660524,0.075,0.075,2.1187761683472871952,20.537741204631493885,1.0,20.537741204631493885,20.537741204631493885,-395.0200257042373866,-401.0375838771944143,-11.321596173824640341,11.321596173824706177,22.643192347649346519
16,16,0.08,0.08,51.485659263407109715,2.1510145041372030743,-4.1543104874760445736,-0.08334930540967174818,2.3758972630191069425,1.0,2.3758972630191069425,4.1543104874760445736,0.08,0.08,2.2199778001778839897,19.95832451677261861,1.0,19.95832451677261861,19.95832451677261861,-394.98223803546320038,-400.83002711887757763,-11.321596173824640341,11.321596173824706177,22.643192347649346519
17,17,0.085,0.085,53.59505467686143762,2.0695150352599250808,-4.152252725487340945,-0.079853604847775409674,2.4799054090906144509,0.9999999999999982,2.4799054090906100458,4.152252725487340945,0.085,0.085,2.3183594135150135515,19.407773909233147505,0.9999999999999982,19.40777390923311303,19.40777390923311303,-394.945005514565732,-400.63148326997104423,-11.321596173824640341,11.321596173824706177,22.643192347649346519
18,18,0.09,0.09,55.624689333926959876,1.991307294441652255,-4.1502780756093084883,-0.07673301368925685654,2.580758621045900752,1.0,2.580758621045900752,4.1502780756093084883,0.09,0.09,2.414055539270215396,18.882456435786896087,1.0,18.882456435786896087,18.882456435786896087,-394.9083987849803556,-400.44095852066591615,-11.321596173824640341,11.321596173824706177,22.643192347649346519
19,19,0.095,0.095,57.57766926574474213,1.9160490078814113677,-4.148377895846765217,-0.07392837775792255803,2.6786653867318340914,1.0000000000000018,2.6786653867318388498,4.148377895846765217,0.095,0.095,2.5071839778728823899,18.379248063994931356,1.0000000000000018,18.379248063994964003,18.379248063994964003,-394.87249936243635431,-400.2576190451868692,-11.321596173824640341,11.321596173824706177,22.643192347649346519
20,20,0.1,0.1,59.456787349689782612,1.8434505389258071389,-4.146544873228177665,-0.07139200292947188442,2.7738315003294677034,1.0,2.7738315003294677034,4.146544873228177665,0.1,0.1,2.5978480199101648663,17.895418718233931876,1.0,17.895418718233931876,17.895418718233931876,-394.8374015646041618,-400.08075924904670384,-11.321596173824640341,11.321596173824706177,22.643192347649346519
21,21,0.105,0.105,61.264570343596356408,1.7732650020224675989,-4.144772774195067113,-0.069084936066876989624,2.8664626164766565022,1.0,2.8664626164766565022,4.144772774195067113,0.105,0.105,2.6861381650552216493,17.42854220299394255,1.0,17.42854220299394255,17.42854220299394255,-394.80321481980807835,-399.9097776852853035,-11.321596173824640341,11.321596173824706177,22.643192347649346519
22,22,0.11,0.11,63.00331735373471781,1.7052806667920531597,-4.143056252814110794,-0.066974971957458983955,2.956766995336207424,1.0,2.956766995336207424,4.143056252814110794,0.11,0.11,2.7721334419401041746,16.976423604548811164,1.0,16.976423604548811164,16.976423604548811164,-394.7700664336177215,-399.74415854975052317,-11.321596173824640341,11.321596173824706177,22.643192347649346519
23,23,0.115,0.115,64.67513167718046273,1.639315058107549631,-4.1413907018113543337,-0.06503516660322335857,3.0449585499726813552,1.0,3.0449585499726813552,4.1413907018113543337,0.115,0.115,2.8559024011007099057,16.537038907000370408,1.0,16.537038907000370408,16.537038907000370408,-394.73810490833359285,-399.5834573080847014,-11.321596173824640341,11.321596173824706177,22.643192347649346519
24,24,0.12,0.12,66.28194746994981707,1.5752103335856064426,-4.1397721358595172027,-0.063242709471238870225,3.1312603184315076666,1.0000000000000018,3.1312603184315132288,4.1397721358595172027,0.12,0.12,2.937503831010107828,16.108482953236489627,1.0000000000000018,16.10848295323651824,16.10848295323651824,-394.70750392936327303,-399.4272894346615645,-11.321596173824640341,11.321596173824706177,22.643192347649346519
25,25,0.125,0.125,67.82555234435167561,1.5128296391650718905,-4.13819709956080458,-0.06157805374713012231,3.215908502249667394,1.0,3.215908502249667394,4.13819709956080458,0.125,0.125,3.0169872306330746898,15.68892279852626459,1.0,15.68892279852626459,15.68892279852626459,-394.67846715430907265,-399.27532153427726816,-11.321596173824640341,11.321596173824706177,22.643192347649346519
26,26,0.13,0.13,69.30760674827996085,1.4520542260913461979,-4.1366625946542855967,-0.060024234110628828243,3.2991572409304023917,1.0,3.2991572409304023917,4.1366625946542855967,0.13,0.13,3.0943930589953706075,15.276554108295518852,1.0,15.276554108295518852,15.276554108295518852,-394.65123396499952438,-399.1272643187301114,-11.321596173824640341,11.321596173824706177,22.643192347649346519
27,27,0.135,0.135,70.72966079653436801,1.392781170943814234,-4.1351660224493723655,-0.05856632194332704079,3.3812843290553594858,1.0,3.3812843290553594858,4.1351660224493723655,0.135,0.135,3.1697527717160300085,14.869558647230670806,1.0,14.869558647230670806,14.869558647230670806,-394.62608636885705493,-398.9828670524956415,-11.321596173824640341,11.321596173824706177,22.643192347649346519
28,28,0.14,0.14,72.09316909016758932,1.3349215822046921164,-4.133705138543875109,-0.057190981779417927877,3.4625981306138408535,1.0000000000000018,3.4625981306138470044,4.133705138543875109,0.14,0.14,3.2430886454676774425,14.466061165905097496,1.0000000000000018,14.466061165905123193,14.466061165905123193,-394.6033572620729706,-398.84191318368316417,-11.321596173824640341,11.321596173824706177,22.643192347649346519
29,29,0.145,0.145,73.39950396094375224,1.2783992073849783783,-4.132278017655634657,-0.05588610247812322851,3.5434460056487551475,0.9999999999999982,3.543446005648748853,4.132278017655634657,0.145,0.145,3.314413383375080314,14.064084167920042123,0.9999999999999982,14.064084167920017141,14.064084167920017141,-394.58344028960355246,-398.7042169508041248,-11.321596173824640341,11.321596173824706177,22.643192347649346519
30,30,0.15,0.15,74.64996750493754608,1.2231493772484456593,-4.1308830269654685003,-0.054640483495829478278,3.624224639456158147,1.0,3.624224639456158147,4.1308830269654685003,0.15,0.15,3.3837294871468779945,13.661499183640240684,1.0,13.661499183640240684,13.661499183640240684,-394.5668015499508145,-398.569620810757405,-11.321596173824640341,11.321596173824706177,22.643192347649346519
31,31,0.155,0.155,75.84580271544064356,1.1691182403933194217,-4.129518806791293595,-0.05344356175503626842,3.7053927562887665904,1.0000000000000018,3.7053927562887731726,4.129518806791293595,0.155,0.155,3.4510283752114828374,13.255973338551013174,1.0000000000000018,13.255973338551036721,13.255973338551036721,-394.55399338597019626,-398.43799357416564313,-11.321596173824640341,11.321596173824706177,22.643192347649346519
32,32,0.16,0.16,76.98820398572418492,1.1162622537383731225,-4.1281842577235229414,-0.05228516865767848104,3.7874868090016308088,1.0,3.7874868090016308088,4.1281842577235229414,0.16,0.16,3.5162892205323882395,12.844910251692860409,1.0,12.844910251692860409,12.844910251692860409,-394.54567046038369196,-398.30922916412970006,-11.321596173824640341,11.321596173824706177,22.643192347649346519
33,33,0.165,0.165,78.078327222917389805,1.0645479030779624596,-4.1268785335694217102,-0.05115531033339182007,3.8711403626872013747,0.9999999999999982,3.8711403626871944983,4.1268785335694217102,0.165,0.165,3.579477477728411551,12.425384724468865244,0.9999999999999982,12.425384724468843172,12.425384724468843172,-394.5426082111931398,-398.1832459354625173,-11.321596173824640341,11.321596173824706177,22.643192347649346519
34,34,0.17,0.17,79.11729979188010984,1.0139516330715894823,-4.125601039585429294,-0.05004396774498990827,3.9571080296127843464,1.0000000000000036,3.9571080296127984048,4.125601039585429294,0.17,0.17,3.6405430677770769978,11.994071413103525314,1.0000000000000036,11.994071413103567926,11.994071413103567926,-394.54572358009478975,-398.05998650413412265,-11.321596173824640341,11.321596173824706177,22.643192347649346519
35,35,0.175,0.175,80.10623048906056877,0.9644599675879826431,-4.1243514355157002574,-0.04894091728630122276,4.0462949527268473127,1.0,4.0462949527268473127,4.1243514355157002574,0.175,0.175,3.699418191859446134,11.547168903728557643,1.0,11.547168903728557643,11.547168903728557643,-394.5560975516537958,-397.93941804044626318,-11.321596173824640341,11.321596173824706177,22.643192347649346519
36,36,0.18,0.18,81.046219727056075126,0.91606979849898703683,-4.1231296428837971306,-0.047835577525224206794,4.139792949984972109,1.0,4.139792949984972109,4.1231296428837971306,0.18,0.18,3.7560147568143627999,11.080322580295631912,1.0,11.080322580295631912,11.080322580295631912,-394.57499845654718562,-397.82153297257380578,-11.321596173824640341,11.321596173824706177,22.643192347649346519
37,37,0.185,0.185,81.93837008605854284,0.8687888125375342295,-4.1219358557703324845,-0.04671689432579399434,4.238924471656155379,1.0000000000000036,4.2389244716561704385,4.1219358557703324845,0.185,0.185,3.8102214176624025475,10.588552720504472965,1.0000000000000036,10.588552720504510583,10.588552720504510583,-394.60390407934130214,-397.7063500264491127,-11.321596173824640341,11.321596173824706177,22.643192347649346519
38,38,0.19,0.19,82.783797352131143585,0.82263600984739904814,-4.12077055390571657,-0.045573285268233884593,4.345295394699488685,1.0000000000000036,4.345295394699504123,4.12077055390571657,0.19,0.19,3.8619002840194076199,10.0661987636827763015,1.0000000000000036,10.066198763682812064,10.066198763682812064,-394.64451925126109225,-397.5939154890201457,-11.321596173824640341,11.321596173824706177,22.643192347649346519
39,39,0.195,0.195,83.58364210575334094,0.7776422420010664603,-4.119634516254450946,-0.044392675445606061962,4.4608572159618165302,1.0,4.4608572159618165302,4.119634516254450946,0.195,0.195,3.9108834052992303963,9.506897058619225321,1.0,9.506897058619225321,9.506897058619225321,-394.6987836807601153,-397.48430451893554832,-11.321596173824640341,11.321596173824706177,22.643192347649346519
40,40,0.2,0.2,84.339081836133276505,0.7338506589561869242,-4.1185288323002327516,-0.043162670231321906278,4.5879781194278043055,1.0,4.5879781194278043055,4.1185288323002327516,0.2,0.2,3.956969254605599954,8.903617863223085349,1.0,8.903617863223085349,8.903617863223085349,-394.76886220146731563,-397.37762223539167963,-11.321596173824640341,11.321596173824706177,22.643192347649346519
41,41,0.205,0.205,85.05134342366571479,0.69131690153842264776,-4.1174549069059113407,-0.041870925312560302103,4.729520188988480468,0.9999999999999964,4.7295201889884636655,4.1174549069059113407,0.205,0.205,3.9999195839314606047,8.248797731233411007,0.9999999999999964,8.248797731233381701,8.248797731233381701,-394.857106451795755,-397.27400418704714444,-11.321596173824640341,11.321596173824706177,22.643192347649346519
42,42,0.21,0.21,85.7217156392101218,0.65010880833106632,-4.1164144529128093657,-0.04050578707950378693,4.888915902527592474,1.0,4.888915902527592474,4.1164144529128093657,0.21,0.21,4.039457231917934384,7.534614525115655298,1.0,7.534614525115655298,7.534614525115655298,-394.96597358210694279,-397.1736156379658298,-11.321596173824640341,11.321596173824706177,22.643192347649346519
43,43,0.215,0.215,86.35156104032784743,0.6103053273794150739,-4.115409463662588224,-0.03905728122355170591,5.070229683011581263,1.0,5.070229683011581263,4.115409463662588224,0.215,0.215,4.0752657291826172217,6.753461259529586924,1.0,6.753461259529586924,6.753461259529586924,-395.09788476733779783,-397.0766489163799668,-11.321596173824640341,11.321596173824706177,22.643192347649346519
44,44,0.22,0.22,86.94232629396895195,0.5719942458839629082,-4.11444215567477571,-0.037518513956500897447,5.2781777771629960357,1.0,5.2781777771629960357,4.11444215567477571,0.22,0.22,4.1069918445132303107,5.8986763001758176495,1.0,5.8986763001758176495,5.8986763001758176495,-395.2550057279608332,-396.98331788391234778,-11.321596173824640341,11.321596173824706177,22.643192347649346519
45,45,0.225,0.225,87.495549532095773244,0.535268299466413279,-4.113514870410487692,-0.035887504388101123046,5.518059557884483668,1.0,5.518059557884483668,4.113514870410487692,0.225,0.225,4.1342524921843754487,4.965572347422917532,1.0,4.965572347422917532,4.965572347422917532,-395.43893575942147153,-396.89384845721638637,-11.321596173824640341,11.321596173824706177,22.643192347649346519
46,46,0.23,0.23,88.01286289290177851,0.5002192371077606621,-4.1126299244193679112,-0.034169372643211881266,5.795523045305997129,1.0,5.795523045305997129,4.1126299244193679112,0.23,0.23,4.1566475679874595284,3.9527636577326570877,1.0,3.9527636577326570877,3.9527636577326570877,-395.6503043976381657,-396.80846414935383423,-11.321596173824640341,11.321596173824706177,22.643192347649346519
47,47,0.235,0.235,88.49598800631129457,0.46692955417998951648,-4.1117894006087414354,-0.03237865662580662572,6.1160470270884621596,0.9999999999999964,6.116047027088440431,4.1117894006087414354,0.235,0.235,4.1737801287617014565,2.8637092473451277452,0.9999999999999964,2.8637092473451175713,2.8637092473451175713,-395.88829912085760587,-396.7273659303297283,-11.321596173824640341,11.321596173824706177,22.643192347649346519
48,48,0.24,0.24,88.94672200126175754,0.43546192385614741066,-4.1109948813996348713,-0.030541330809115229891,6.483980276926235964,1.0,6.483980276926235964,4.1109948813996348713,0.24,0.24,4.1852846604609112383,1.7082667780702426308,1.0,1.7082667780702426308,1.7082667780702426308,-396.15018431458779527,-396.65070648056237637,-11.321596173824640341,11.321596173824706177,22.643192347649346519
49,49,0.245,0.245,89.36691185402358939,0.4058468925617590567,-4.110247138051961952,-0.028695899314514486042,6.9009646440046852134,1.0,6.9009646440046852134,4.110247138051961952,0.245,0.245,4.1908627965424038973,0.5039049809470597663,1.0,0.5039049809470597663,0.5039049809470597663,-396.43091605590321827,-396.57856021532070678,-11.321596173824640341,11.321596173824706177,22.643192347649346519
50,50,0.25,0.25,89.75841578638527565,0.37807012522711843858,-4.109545808622731479,-0.026892825541511894763,7.363651182420517236,1.0,7.363651182420517236,4.109545808622731479,0.25,0.25,4.1903237102703818403,-0.72389897846912129586,1.0,-0.72389897846912129586,-0.72389897846912129586,-396.7229946131064573,-396.51089221241500477,-11.321596173824640341,11.321596173824706177,22.643192347649346519
51,51,0.255,0.255,90.12305210447782627,0.35206124147873526717,-4.1088891160935246314,-0.025191665825948512947,7.8609087610793827645,1.0,7.8609087610793827645,4.1088891160935246314,0.255,0.255,4.1836238067577126783,-1.9425662426673061534,1.0,-1.9425662426673061534,-1.9425662426673061534,-397.01670292473446558,-396.44753101563294487,-11.321596173824640341,11.321596173824706177,22.643192347649346519
52,52,0.26,0.26,90.46253826934274619,0.32768679357522141268,-4.1082736910719577566,-0.023655694144054547484,8.371320046304962751,1.0,8.371320046304962751,4.1082736910719577566,0.26,0.26,4.170898047843708762,-3.114940258559843106,1.0,-3.114940258559843106,-3.114940258559843106,-397.30082902378937756,-396.38815152803134353,-11.321596173824640341,11.321596173824706177,22.643192347649346519
53,53,0.265,0.265,90.77842569162826909,0.3047498531906261722,-4.107694561358466578,-0.02234452315675390828,8.86254699678054759,1.0,8.86254699678054759,4.107694561358466578,0.265,0.265,4.1524744041721142205,-4.2033412219165484647,1.0,-4.2033412219165484647,-4.2033412219165484647,-397.5638529833054172,-396.3322740052838685,-11.321596173824640341,11.321596173824706177,22.643192347649346519
54,54,0.27,0.27,91.07203797572399853,0.28299774726171359612,-4.107145347266995972,-0.021306042618077126669,9.2945175294714082615,1.0,9.2945175294714082615,4.107145347266995972,0.27,0.27,4.1288646356245432417,-5.174523518808132161,1.0,-5.174523518808132161,-5.174523518808132161,-397.7954182922734446,-396.27928290126266186,-11.321596173824640341,11.321596173824706177,22.643192347649346519
55,55,0.275,0.275,91.344421186151696285,0.26213776795447191886,-4.1066186582824551954,-0.020569550722707040727,9.627307337285451298,1.0,9.627307337285451298,4.1066186582824551954,0.275,0.275,4.1007291689840328548,-6.004440252006999379,1.0,-6.004440252006999379,-6.004440252006999379,-397.9877661335026971,-396.22846513966464627,-11.321596173824640341,11.321596173824706177,22.643192347649346519
56,56,0.28,0.28,91.59631351163294237,0.24185864581629951467,-4.1061066352315682515,-0.020141899735085086118,9.831713453147432635,1.0000000000000036,9.831713453147467564,4.1061066352315682515,0.28,0.28,4.0688202331044731968,-6.6815802839528957713,1.0000000000000036,-6.6815802839529195092,-6.6815802839529195092,-398.1367654487442873,-396.17906242554608884,-11.321596173824640341,11.321596173824706177,22.643192347649346519
57,57,0.285,0.285,91.828138477784295314,0.22185396848430174663,-4.1056015415766383986,-0.020007711426443362465,9.897653078685227472,0.9999999999999964,9.897653078685192308,4.1056015415766383986,0.285,0.285,4.0339133661445038055,-7.207976345745422009,0.9999999999999964,-7.207976345745396401,-7.207976345745396401,-398.2422653658012595,-396.13032829649785085,-11.321596173824640341,11.321596173824706177,22.643192347649346519
58,58,0.29,0.29,92.04002144860154586,0.20184322296341278974,-4.1050962947073549735,-0.020133507517672229875,9.835811590382948783,1.0,9.835811590382948783,4.1050962947073549735,0.29,0.29,3.9967404696470197143,-7.5976893384305340673,1.0,-7.5976893384305340673,-7.5976893384305340673,-398.3077023606719693,-396.0815793845118228,-11.321596173824640341,11.321596173824706177,22.643192347649346519
59,59,0.295,0.295,92.231824923711120894,0.18158695344895728688,-4.1045848486572887046,-0.020474466864903595117,9.6720167564819852155,1.0,9.6720167564819852155,4.1045848486572887046,0.295,0.295,3.9579364727601984,-7.8733438314384882606,1.0,-7.8733438314384882606,-7.8733438314384882606,-398.33912208512055944,-396.03223234250908238,-11.321596173824640341,11.321596173824706177,22.643192347649346519
60,60,0.3,0.3,92.40319535549946044,0.1608942892336055995,-4.1040623841743424857,-0.020981939817948149982,9.438087627531299006,1.0,9.438087627531299006,4.1040623841743424857,0.3,0.3,3.9180070313326347646,-8.061783359158377488,1.0,-8.061783359158377488,-8.061783359158377488,-398.34392470758386898,-395.98182218335046437,-11.321596173824640341,11.321596173824706177,22.643192347649346519
61,61,0.305,0.305,92.55361350217833209,0.13962307381306098691,-4.1035253119805121954,-0.021609984137955057584,9.163791390738252357,1.0,9.163791390738252357,4.1035253119805121954,0.305,0.305,3.8773186391686145563,-8.18996264826173298,1.0,-8.18996264826173298,-8.18996264826173298,-398.32966165029635347,-395.9300025943556657,-11.321596173824640341,11.321596173824706177,22.643192347649346519
62,62,0.31,0.31,92.68244150312558241,0.117674320957695484335,-4.1029711327944707335,-0.022319843395221812543,8.872346597188781613,1.0000000000000036,8.872346597188813134,4.1029711327944707335,0.31,0.31,3.8361074048500173649,-8.281868039771243389,1.0000000000000036,-8.281868039771272813,-8.281868039771272813,-398.30311976718875103,-395.8765324315357767,-11.321596173824640341,11.321596173824706177,22.643192347649346519
63,63,0.315,0.315,92.78896214409372306,0.09498338702261736183,-4.1023982144431855408,-0.023082094082558970993,8.57935098475382526,1.0000000000000036,8.57935098475385574,4.1023982144431855408,0.315,0.315,3.7944999587709020519,-8.356777039098809312,1.0000000000000036,-8.356777039098839001,-8.356777039098839001,-398.26978988658962264,-395.8212542141336715,-11.321596173824640341,11.321596173824706177,22.643192347649346519
64,64,0.32,0.32,92.872408277170817134,0.07151013279257754235,-4.101805543460525686,-0.023876817593393133074,8.293793166647917869,0.9999999999999964,8.293793166647888404,4.101805543460525686,0.32,0.32,3.7525396344590292005,-8.42875086758088643,0.9999999999999964,-8.428750867580856485,-8.428750867580856485,-398.2336941617343133,-395.76407015753311355,-11.321596173824640341,11.321596173824706177,22.643192347649346519
65,65,0.325,0.325,92.931982409678878146,0.04722975183583109568,-4.101192493514405534,-0.024692463773408059383,8.019831006521334679,0.9999999999999964,8.0198310065213061874,4.101192493514405534,0.325,0.325,3.7102124500950931156,-8.507015613906424467,0.9999999999999964,-8.507015613906394244,-8.507015613906394244,-398.19747540474938466,-395.70491982987480228,-11.321596173824640341,11.321596173824706177,22.643192347649346519
66,66,0.33,0.33,92.966867780842479325,0.022125205245761423584,-4.1005586343932562523,-0.025524092575958130108,7.7585279871579948367,1.0,7.7585279871579948367,4.1005586343932562523,0.33,0.33,3.6674694783199648833,-8.5968315758435767115,1.0,-8.5968315758435767115,-8.5968315758435767115,-398.16263337377480439,-395.6437617220526364,-11.321596173824640341,11.321596173824706177,22.643192347649346519
67,67,0.335,0.335,92.97623282017040099,-0.0038184333160851645361,-4.099903589225273354,-0.026371525818134206043,7.5092123210106086154,1.0,7.5092123210106086154,4.099903589225273354,0.335,0.335,3.6242441343366572752,-8.7005153970638726135,1.0,-8.7005153970638726135,-8.7005153970638726135,-398.12981048280510754,-395.58055947146539286,-11.321596173824640341,11.321596173824706177,22.643192347649346519
68,68,0.34,0.34,92.959230914210308996,-0.030617846390506988502,-4.099226936796689403,-0.027237732100853805084,7.2704065765877490413,1.000000000000007,7.2704065765878007005,4.099226936796689403,0.34,0.34,3.5804643243493260829,-8.818393256709726596,1.000000000000007,-8.818393256709789255,-8.818393256709789255,-398.09906166137877648,-395.51527243716282659,-11.321596173824640341,11.321596173824706177,22.643192347649346519
69,69,0.345,0.345,92.914997127389387016,-0.058293897517792774704,-4.0985281503286094284,-0.028127583883093599387,7.0403980455786869218,0.9999999999999929,7.0403980455786368967,4.0985281503286094284,0.345,0.345,3.5360602017695600418,-8.949573411476282714,0.9999999999999929,-8.949573411476219123,-8.949573411476219123,-398.0700748022708526,-395.44784979270830177,-11.321596173824640341,11.321596173824706177,22.643192347649346519
70,70,0.35,0.35,92.84264311917472345,-0.086873014156694187277,-4.097806562559996931,-0.029046999347767634564,6.8175505575105820643,1.0,6.8175505575105820643,4.097806562559996931,0.35,0.35,3.4909685902345640384,-9.092507742284285016,1.0,-9.092507742284285016,-9.092507742284285016,-398.04233192568839583,-395.37822715719910033,-11.321596173824640341,11.321596173824706177,22.643192347649346519
71,71,0.355,0.355,92.74125109907599864,-0.11638789621332804383,-4.0970613478581849945,-0.030002413609606426448,6.6004485230473600083,1.0,6.6004485230473600083,4.0970613478581849945,0.355,0.355,3.445135124346717114,-9.245360118004871702,1.0,-9.245360118004871702,-9.245360118004871702,-398.01521538376857204,-395.30632486919314464,-11.321596173824640341,11.321596173824706177,22.643192347649346519
72,72,0.36,0.36,92.60986732674806736,-0.14687784137590704017,-4.0962915140045719274,-0.031000499436481247784,6.3879418137484153717,1.0,6.3879418137484153717,4.0962915140045719274,0.36,0.36,3.3985149890545152426,-9.406220599377839914,1.0,-9.406220599377839914,-9.406220599377839914,-397.98806982976682073,-395.23204719414911362,-11.321596173824640341,11.321596173824706177,22.643192347649346519
73,73,0.365,0.365,92.44749541632418456,-0.1783888950862905394,-4.095495898408022886,-0.032048059606723383608,6.179138114054119979,1.0,6.179138114054119979,4.095495898408022886,0.365,0.365,3.3510729183529386348,-9.573208134016723353,1.0,-9.573208134016723353,-9.573208134016723353,-397.96023194234214063,-395.15528195907524067,-11.321596173824640341,11.321596173824706177,22.643192347649346519
74,74,0.37,0.37,92.25308953657548628,-0.21097396058935380739,-4.0946731653262577895,-0.033152027196244084062,5.9733718672811125477,1.000000000000007,5.973371867281154991,4.0946731653262577895,0.37,0.37,3.3027829077143479276,-9.74449877123625538,1.000000000000007,-9.744498771236324619,-9.744498771236324619,-397.93103842440622672,-395.0759002844340039,-11.321596173824640341,11.321596173824706177,22.643192347649346519
75,75,0.375,0.375,92.025547495145476946,-0.24469294947877870752,-4.0938218020647540916,-0.034319527294531715703,5.7701664972796889736,1.000000000000007,5.770166497279729973,4.0938218020647540916,0.375,0.375,3.2536279306405759978,-9.918307386834730788,1.000000000000007,-9.918307386834801262,-9.918307386834801262,-397.8998202817345734,-394.9937562173919973,-11.321596173824640341,11.321596173824706177,22.643192347649346519
76,76,0.38,0.38,91.763703637617928865,-0.2796130151784172388,-4.0929401130816276838,-0.035557969007210275814,5.569198470172109481,1.0,5.569198470172109481,4.0929401130816276838,0.38,0.38,3.203599833846000535,-10.09284182481464609,1.0,-10.09284182481464609,-10.09284182481464609,-397.86588881769809853,-394.90868616302740723,-11.321596173824640341,11.321596173824706177,22.643192347649346519
77,77,0.385,0.385,91.46632146478864247,-0.31580888749319925915,-4.0920262115406313337,-0.036875148188597954915,5.3702668687475207374,1.0,5.3702668687475207374,4.0920262115406313337,0.385,0.385,3.1526995123924294508,-10.266240772463914532,1.0,-10.266240772463914532,-10.266240772463914532,-397.82851661565018814,-394.82050806931826117,-11.321596173824640341,11.321596173824706177,22.643192347649346519
78,78,0.39,0.39,91.13208586263153035,-0.35336331155561314862,-4.091078008228292481,-0.03827934889943406492,5.1732694596670761368,1.0,5.1732694596670761368,4.091078008228292481,0.39,0.39,3.1009374261213613023,-10.436500988275801388,1.0,-10.436500988275801388,-10.436500988275801388,-397.7869151473735967,-394.72902035780878688,-11.321596173824640341,11.321596173824706177,22.643192347649346519
79,79,0.395,0.395,90.75959484167741617,-0.392367585292067389,-4.090093197983544449,-0.039779435563859245895,4.978184928729811039,1.0,4.978184928729811039,4.090093197983544449,0.395,0.395,3.048334502509671348,-10.6013955179433786435,1.0,-10.6013955179433786435,-10.6013955179433786435,-397.7402095010252831,-394.63400061426787316,-11.321596173824640341,11.321596173824706177,22.643192347649346519
80,80,0.4,0.4,90.34735069204739557,-0.4329221826833316404,-4.089069243961161989,-0.041384928805424233897,4.785060463156516617,1.0,4.785060463156516617,4.089069243961161989,0.4,0.4,2.9949234709419274255,-10.758381863900104869,1.0,-10.758381863900104869,-10.758381863900104869,-397.6874099564641524,-394.53520407034142167,-11.321596173824640341,11.321596173824706177,22.643192347649346519
81,81,0.405,0.405,89.89375047631075289,-0.47513744290291585678,-4.088003360231859407,-0.043106056401227266922,4.5940037927418635707,1.0,4.5940037927418635707,4.088003360231859407,0.405,0.405,2.9407506838706702077,-10.904497309428359153,1.0,-10.904497309428359153,-10.904497309428359153,-397.62737963637954514,-394.4323619247170359,-11.321596173824640341,11.321596173824706177,22.643192347649346519
82,82,0.41,0.41,89.397075806241563856,-0.51913429548578617426,-4.0868924934726667134,-0.044953766813423093676,4.4051789345993497726,1.0,4.4051789345993497726,4.0868924934726667134,0.41,0.41,2.8858784978476440318,-11.036237419809391741,1.0,-11.036237419809391741,-11.036237419809391741,-397.55879714051803483,-394.32517957651388305,-11.321596173824640341,11.321596173824706177,22.643192347649346519
83,83,0.415,0.415,88.85548188533918054,-0.56504497652976204414,-4.0857333048837196163,-0.04693968606033147202,4.2188050926215405283,1.0,4.2188050926215405283,4.0857333048837196163,0.415,0.415,2.8303883096725771008,-11.14941296542528909,1.0,-11.14941296542528909,-11.14941296542528909,-397.48011287938778027,-394.21333488051817057,-11.321596173824640341,11.321596173824706177,22.643192347649346519
84,84,0.42,0.42,88.26698585318203977,-0.6130136676064491183,-4.0845221540565392767,-0.049075988581379400427,4.03515838033509974,1.0,4.03515838033509974,4.0845221540565392767,0.42,0.42,2.7743843681933910458,-11.238980113162734792,1.0,-11.238980113162734792,-11.238980113162734792,-397.38949776386544196,-394.09647659070876066,-11.321596173824640341,11.321596173824706177,22.643192347649346519
85,85,0.425,0.425,87.629454550126282306,-0.663196953692520845,-4.083255087411827088,-0.05137513810473215599,3.8545762386795860424,1.0,3.8545762386795860424,4.083255087411827088,0.425,0.425,2.717998508540949657,-11.298838896489768191,1.0,-11.298838896489768191,-11.298838896489768191,-397.2847830413454617,-393.97422324467395963,-11.321596173824640341,11.321596173824706177,22.643192347649346519
86,86,0.43,0.43,86.94059194579699808,-0.7157639438159134303,-4.0819278351532956935,-0.053849433815731123643,3.6774646001854916497,1.0,3.6774646001854916497,4.0819278351532956935,0.43,0.43,2.6613959792284932677,-11.321596173824640341,1.0,-11.321596173824640341,-11.321596173824640341,-397.16339054863151145,-393.84616286970089183,-11.321596173824640341,11.321596173824706177,22.643192347649346519
87,87,0.435,0.435,86.197926662494455445,-0.7708958213239830923,-4.0805358226228483987,-0.056510268595663699573,3.504308004874329741,1.0,3.504308004874329741,4.0805358226228483987,0.435,0.435,2.604782546802703157,-11.298292432283720821,1.0,-11.298292432283720821,-11.298292432283720821,-397.0222537610428868,-393.71185407838375658,-11.321596173824640341,11.321596173824706177,22.643192347649346519
88,88,0.44,0.44,85.39880030314903189,-0.8287844810072408294,-4.0790742047115392996,-0.059366968330372820242,3.335682992861682827,1.0,3.335682992861682827,4.0790742047115392996,0.44,0.44,2.548413054905655963,-11.218098488853874908,1.0,-11.218098488853874908,-11.218098488853874908,-396.85773224601093004,-393.5708293887767447,-11.321596173824640341,11.321596173824706177,22.643192347649346519
89,89,0.445,0.445,84.540357700479973786,-0.88962975798472873276,-4.0775379358268309515,-0.06242503457967962452,3.172275160610717115,1.0,3.172275160610717115,4.0775379358268309515,0.445,0.445,2.4926015619141643122,-11.068001023028970861,1.0,-11.068001023028970861,-11.068001023028970861,-396.66552627495562086,-393.4226019752081324,-11.321596173824640341,11.321596173824706177,22.643192347649346519
90,90,0.45,0.45,83.61954078717957443,-0.95363455016660007846,-4.0759218930444533874,-0.06568356240083406648,3.0149002179404953132,1.0,3.0149002179404953132,4.0759218930444533874,0.45,0.45,2.43773304467536616,-10.832519039320268897,1.0,-10.832519039320268897,-10.832519039320268897,-396.44060562914913876,-393.26667755062829998,-11.321596173824640341,11.321596173824706177,22.643192347649346519
91,91,0.455,0.455,82.63308860014677363,-1.0209968827863968657,-4.07422107646926618,-0.06913156713094044045,2.8645291118932693516,1.0,2.8645291118932693516,4.07422107646926618,0.455,0.455,2.384276371520961531,-10.493532600008166261,1.0,-10.493532600008166261,-10.493532600008166261,-396.17717875029644461,-393.1025736984940519,-11.321596173824640341,11.321596173824706177,22.643192347649346519
92,92,0.46,0.46,81.577547021606780696,-1.0918976844284809594,-4.072430917875626898,-0.07274296731485439642,2.7223165882173792054,1.0,2.7223165882173792054,4.072430917875626898,0.46,0.46,2.332797718675284408,-10.030367353220388693,1.0,-10.030367353220388693,-10.030367353220388693,-395.8687472865306473,-392.92984965203707343,-11.321596173824640341,11.321596173824706177,22.643192347649346519
93,93,0.465,0.465,80.44929323128981171,-1.1664828174161056586,-4.0705477344181316443,-0.076470114689967068344,2.589631091835727852,1.000000000000007,2.5896310918357462523,4.0705477344181316443,0.465,0.465,2.2839726979887575585,-9.42036822304493017,1.000000000000007,-9.420368223044997106,-9.420368223044997106,-395.5083179600475829,-392.74815007069541836,-11.321596173824640341,11.321596173824706177,22.643192347649346519
94,94,0.47,0.47,79.24458138677456938,-1.244837913808415096,-4.0685693639919379137,-0.08023617406200750021,2.4680811231645119299,0.9999999999999929,2.4680811231644943931,4.0685693639919379137,0.47,0.47,2.2385940364448352596,-8.640306404318302144,0.9999999999999929,-8.6403064043182407515,-8.6403064043182407515,-395.0888761195305392,-392.55726634306527667,-11.321596173824640341,11.321596173824706177,22.643192347649346519
95,95,0.475,0.475,77.95961740367298152,-1.326955165540120659,-4.0664960037411520114,-0.08392752881973979291,2.3595283857661510094,1.0,2.3595283857661510094,4.0664960037411520114,0.475,0.475,2.1975696339455752233,-7.6690567321171661253,1.0,-7.6690567321171661253,-7.6690567321171661253,-394.60425111317155059,-392.3572174906612209,-11.321596173824640341,11.321596173824706177,22.643192347649346519
96,96,0.48,0.48,76.59067105569432806,-1.4126929714478946819,-4.064331228922097273,-0.08738887678465055535,2.266070853449459597,1.0,2.266070853449459597,4.064331228922097273,0.48,0.48,2.161903469123663533,-6.491951897068127836,1.0,-6.491951897068127836,-6.491951897068127836,-394.05049037911798818,-392.14834847327702672,-11.321596173824640341,11.321596173824706177,22.643192347649346519
97,97,0.485,0.485,75.134231460777192155,-1.5017329191094217697,-4.0620830790593055485,-0.09042560269519483822,2.1899703258257178565,1.0,2.1899703258257178565,4.0620830790593055485,0.485,0.485,2.1326501149748938895,-5.106860803039902294,1.0,-5.106860803039902294,-5.106860803039902294,-393.42774520239793787,-391.9314349871072465,-11.321596173824640341,11.321596173824706177,22.643192347649346519
98,98,0.49,0.49,73.58720521747548452,-1.5935441768382843583,-4.059764957004129824,-0.09281926686387475568,2.133494405722954027,1.0,2.133494405722954027,4.059764957004129824,0.49,0.49,2.1108348610932644665,-3.5310907961480941936,1.0,-3.5310907961480941936,-3.5310907961480941936,-392.7423798139874363,-391.7077702107160447,-11.321596173824640341,11.321596173824706177,22.643192347649346519
99,99,0.495,0.495,71.94714310710062344,-1.687371452837171281,-4.057395932951410595,-0.094360151269078425956,2.0986548233976439282,1.0,2.0986548233976439282,4.057395932951410595,0.495,0.495,2.0973392070134129176,-1.8066462230307376857,1.0,-1.8066462230307376857,-1.8066462230307376857,-392.00854148153422943,-391.47919413818622328,-11.321596173824640341,11.321596173824706177,22.643192347649346519
100,100,0.5,0.5,70.21246231180114196,-1.7822644793764412102,-4.0549999999999997344,-0.09489302653927045132,2.0868697502806534858,1.0,2.0868697502806534858,4.0549999999999997344,0.5,0.5,2.0927683988629570742,1.5198953207118393038e-13,1.0,1.5198953207118393038e-13,1.5198953207118393038e-13,-391.2480217516290785,-391.24802175162912302,-11.321596173824640341,11.321596173824706177,22.643192347649346519
101,101,0.505,0.505,68.38261414834774102,-1.8771575059157121837,-4.052604067048588847,-0.09436015126908312185,2.0986548233975394872,1.0,2.0986548233975394872,4.052604067048588847,0.505,0.505,2.0973392070134144374,1.806646223030811696,1.0,1.806646223030811696,1.806646223030811696,-390.48750202172399232,-391.01684936507202014,-11.321596173824640341,11.321596173824706177,22.643192347649346519
102,102,0.51,0.51,66.45814729996971759,-1.9709847819146074539,-4.0502350429958694075,-0.0928192668638795626,2.1334944057228435376,1.0,2.1334944057228435376,4.0502350429958694075,0.51,0.51,2.1108348610932652066,3.5310907961482375095,1.0,3.5310907961482375095,3.5310907961482375095,-389.75366368927074487,-390.78827329254217846,-11.321596173824640341,11.321596173824706177,22.643192347649346519
103,103,0.515,0.515,64.44064458451852611,-2.062796039643471309,-4.047916920940693651,-0.0904256026951935684,2.1899703258257486095,1.0,2.1899703258257486095,4.047916920940693651,0.515,0.515,2.1326501149748968427,5.106860803040113958,1.0,5.106860803040113958,5.106860803040113958,-389.06829830086022018,-390.56460851615097357,-11.321596173824640341,11.321596173824706177,22.643192347649346519
104,104,0.52,0.52,62.332555220682774974,-2.1518359873049945907,-4.0456687710779020224,-0.08738887678464994386,2.2660708534494754536,1.0,2.2660708534494754536,4.0456687710779020224,0.52,0.52,2.1619034691236663898,6.491951897068029595,1.0,6.491951897068029595,6.491951897068029595,-388.44555312414026993,-390.3476950299812026,-11.321596173824640341,11.321596173824706177,22.643192347649346519
105,105,0.525,0.525,60.13697260990853693,-2.2375737932127711966,-4.0435039962588472185,-0.083927528819741257886,2.3595283857661098232,1.0,2.3595283857661098232,4.0435039962588472185,0.525,0.525,2.197569633945577194,7.6690567321170910187,1.0,7.6690567321170910187,7.6690567321170910187,-387.89179239008669445,-390.1388260125970021,-11.321596173824640341,11.321596173824706177,22.643192347649346519
106,106,0.53,0.53,57.85740763425723258,-2.3196910449444771065,-4.041430636008061308,-0.080236174062006641525,2.4680811231645383437,1.0,2.4680811231645383437,4.041430636008061308,0.53,0.53,2.2385940364448373653,8.640306404318556968,1.0,8.640306404318556968,8.640306404318556968,-387.40716738372760836,-389.93877716019294555,-11.321596173824640341,11.321596173824706177,22.643192347649346519
107,107,0.535,0.535,55.497590520019582715,-2.3980461413367844797,-4.0394522655818676294,-0.07647011468996423901,2.5896310918358236661,1.0,2.5896310918358236661,4.0394522655818676294,0.535,0.535,2.2839726979887628373,9.420368223044888592,1.0,9.420368223044888592,9.420368223044888592,-386.9877255432106565,-389.74789343256280885,-11.321596173824640341,11.321596173824706177,22.643192347649346519
108,108,0.54,0.54,53.06131535158366362,-2.4726312743244055845,-4.0375690821243724665,-0.072742967314852494294,2.7223165882174503905,1.0,2.7223165882174503905,4.0375690821243724665,0.54,0.54,2.3327977186752863316,10.0303673532201539365,1.0,10.0303673532201539365,10.0303673532201539365,-386.62729621672765745,-389.56619385122116256,-11.321596173824640341,11.321596173824706177,22.643192347649346519
109,109,0.545,0.545,50.552327971370771546,-2.5435320759664894683,-4.0357789235307331894,-0.069131567130943373,2.8645291118931478385,1.0,2.8645291118931478385,4.0357789235307331894,0.545,0.545,2.3842763715209644622,10.4935326000081924624,1.0,10.4935326000081924624,10.4935326000081924624,-386.31886475296178418,-389.39346980476418458,-11.321596173824640341,11.321596173824706177,22.643192347649346519
110,110,0.55,0.55,47.974251199650684685,-2.6108944085862923305,-4.034078106955545829,-0.065683562400837998234,3.0149002179403148445,1.0,3.0149002179403148445,4.034078106955545829,0.55,0.55,2.4377330446753683456,10.832519039320113383,1.0,10.832519039320113383,10.832519039320113383,-386.0554378741091285,-389.22936595262992174,-11.321596173824640341,11.321596173824706177,22.643192347649346519
111,111,0.555,0.555,45.330539154198186885,-2.6748992007681654647,-4.0324620641731682195,-0.062425034579679314004,3.1722751606107328943,1.0,3.1722751606107328943,4.0324620641731682195,0.555,0.555,2.4926015619141656883,11.0680010230287108886,1.0,11.0680010230287108886,11.0680010230287108886,-385.83051722830267263,-389.07344152805008491,-11.321596173824640341,11.321596173824706177,22.643192347649346519
112,112,0.56,0.56,42.624452798114353756,-2.7357444777456509585,-4.030925795288459932,-0.059366968330369834783,3.3356829928618505726,1.000000000000007,3.3356829928618742741,4.030925795288459932,0.56,0.56,2.5484130549056555489,11.218098488853861863,1.000000000000007,11.218098488853941573,11.218098488853941573,-385.63831125724729695,-388.92521411448147847,-11.321596173824640341,11.321596173824706177,22.643192347649346519
113,113,0.565,0.565,39.859050198706884968,-2.7936331374289051343,-4.029464177377150923,-0.056510268595661492137,3.5043080048744666283,0.9999999999999929,3.5043080048744417287,4.029464177377150923,0.565,0.565,2.6047825468027029736,11.298292432283913916,0.9999999999999929,11.298292432283833637,11.298292432283833637,-385.4737897422152885,-388.78418942487447527,-11.321596173824640341,11.321596173824706177,22.643192347649346519
114,114,0.57,0.57,37.037186523256543487,-2.8487650149369739428,-4.02807216484670365,-0.053849433815731162674,3.6774646001854889843,1.0,3.6774646001854889843,4.02807216484670365,0.57,0.57,2.6613959792284937306,11.321596173824706177,1.0,11.321596173824706177,11.321596173824706177,-385.3326529546267032,-388.6498806335573421,-11.321596173824640341,11.321596173824706177,22.643192347649346519
115,115,0.575,0.575,34.161520168832937083,-2.9013320050603674596,-4.026744912588172232,-0.051375138104731750497,3.854576238679616466,1.0,3.854576238679616466,4.026744912588172232,0.575,0.575,2.7179985085409501318,11.298838896489651951,1.0,11.298838896489651951,11.298838896489651951,-385.211260461912804,-388.52182025858427203,-11.321596173824640341,11.321596173824706177,22.643192347649346519
116,116,0.58,0.58,31.234522513135808568,-2.9515152911464374438,-4.0254778459434600872,-0.04907598858138059652,4.0351583803350013946,1.0,4.0351583803350013946,4.0254778459434600872,0.58,0.58,2.7743843681933903463,11.238980113162769597,1.0,11.238980113162769597,11.238980113162769597,-385.10654573939278375,-388.39956691254947524,-11.321596173824640341,11.321596173824706177,22.643192347649346519
117,117,0.585,0.585,28.258489586540062195,-2.9994839822231286527,-4.0242666951162796435,-0.046939686060333302587,4.2188050926213760015,1.0,4.2188050926213760015,4.0242666951162796435,0.585,0.585,2.8303883096725779237,11.1494129654256501905,1.0,11.1494129654256501905,11.1494129654256501905,-385.0159306238703398,-388.28270862274005532,-11.321596173824640341,11.321596173824706177,22.643192347649346519
118,118,0.59,0.59,25.235554548689551262,-3.045394663267104049,-4.0231075065273325577,-0.04495376681342034067,4.40517893459961955,1.0,4.40517893459961955,4.0231075065273325577,0.59,0.59,2.8858784978476469433,11.03623741980962189,1.0,11.03623741980962189,11.03623741980962189,-384.93724636274012468,-388.1708639267443439,-11.321596173824640341,11.321596173824706177,22.643192347649346519
119,119,0.595,0.595,22.167700260005854097,-3.089391515849969334,-4.0219966397681399914,-0.043106056401226128943,4.59400379274198485,1.0,4.59400379274198485,4.0219966397681399914,0.595,0.595,2.9407506838706742366,10.90449730942846257,1.0,10.90449730942846257,10.90449730942846257,-384.86866386687866382,-388.06368157854120335,-11.321596173824640341,11.321596173824706177,22.643192347649346519
120,120,0.6,0.6,19.056771516989612594,-3.1316067760695563069,-4.0209307560388373396,-0.041384928805429013277,4.7850604631559640095,1.0,4.7850604631559640095,4.0209307560388373396,0.6,0.6,2.9949234709419316621,10.7583818639000043105,1.0,10.7583818639000043105,10.7583818639000043105,-384.80863354679410962,-387.96083943291681087,-11.321596173824640341,11.321596173824706177,22.643192347649346519
121,121,0.605,0.605,15.904486707866741483,-3.1721613734608273606,-4.019906802016454708,-0.03977943556386052959,4.9781849287296503913,1.0,4.9781849287296503913,4.019906802016454708,0.605,0.605,3.0483345025096743714,10.601395517943181496,1.0,10.601395517943181496,10.601395517943181496,-384.75583400223299066,-387.86204288899034284,-11.321596173824640341,11.321596173824706177,22.643192347649346519
122,122,0.61,0.61,12.712448770067957873,-3.211165647197277366,-4.0189219917717067827,-0.038279348899431576893,5.1732694596674123817,1.0,5.1732694596674123817,4.0189219917717067827,0.61,0.61,3.1009374261213635674,10.436500988275297347,1.0,10.436500988275297347,10.436500988275297347,-384.70912835588477727,-387.7670231454494394,-11.321596173824640341,11.321596173824706177,22.643192347649346519
123,123,0.615,0.615,9.482155413472186751,-3.2487200712596905144,-4.017973788459367949,-0.036875148188598472947,5.3702668687474452948,1.0,5.3702668687474452948,4.017973788459367949,0.615,0.615,3.152699512392427434,10.266240772463637032,1.0,10.266240772463637032,10.266240772463637032,-384.66752688760812126,-387.6755354339399669,-11.321596173824640341,11.321596173824706177,22.643192347649346519
124,124,0.62,0.62,6.2150086275485768444,-3.284915943574474312,-4.017059886918371554,-0.03555796900720570048,5.5691984701728260835,1.0,5.5691984701728260835,4.017059886918371554,0.62,0.62,3.2035998338460000253,10.0928418248149108505,1.0,10.0928418248149108505,10.0928418248149108505,-384.6301546855600476,-387.58735734023081648,-11.321596173824640341,11.321596173824706177,22.643192347649346519
125,125,0.625,0.625,2.9123235263232381271,-3.3198360092741019153,-4.0161781979352454224,-0.034319527294530509202,5.770166497279891824,1.000000000000007,5.7701664972799328233,4.0161781979352454224,0.625,0.625,3.2536279306405766285,9.9183073868346713076,1.000000000000007,9.918307386834741782,9.918307386834741782,-384.59622322152369442,-387.50228728586625312,-11.321596173824640341,11.321596173824706177,22.643192347649346519
126,126,0.63,0.63,-0.42466339099962698597,-3.3535549981635353303,-4.0153268346737415093,-0.033152027196253926232,5.9733718672793391733,1.000000000000007,5.973371867279381617,4.0153268346737415093,0.63,0.63,3.3027829077143468228,9.7444987712359416865,1.000000000000007,9.744498771236010925,9.744498771236010925,-384.56500507885209483,-387.42014321882422576,-11.321596173824640341,11.321596173824706177,22.643192347649346519
127,127,0.635,0.635,-3.7947864700038325336,-3.3861400636666097678,-4.014504101591976131,-0.032048059606725576732,6.179138114053697126,1.0,6.179138114053697126,4.014504101591976131,0.635,0.635,3.3510729183529361283,9.5732081340167792805,1.0,9.5732081340167792805,9.5732081340167792805,-384.5358115609160454,-387.34076154418296173,-11.321596173824640341,11.321596173824706177,22.643192347649346519
128,128,0.64,0.64,-7.1969435183328465217,-3.4176511173769864838,-4.0137084859954272604,-0.03100049943647437546,6.387941813749831479,0.9999999999999929,6.38794181374978609,4.0137084859954272604,0.64,0.64,3.3985149890545146973,9.406220599378221636,0.9999999999999929,9.406220599378154801,9.406220599378154801,-384.50797367349128636,-387.2639963091091053,-11.321596173824640341,11.321596173824706177,22.643192347649346519
129,129,0.645,0.645,-10.630088704757805501,-3.4481410625395585187,-4.0129386521418143694,-0.030002413609602409262,6.6004485230482437784,0.9999999999999929,6.6004485230481968793,4.0129386521418143694,0.645,0.645,3.4451351243467184249,9.245360118005188754,0.9999999999999929,9.245360118005123062,9.245360118005123062,-384.48082811948957097,-387.18971863406509126,-11.321596173824640341,11.321596173824706177,22.643192347649346519
130,130,0.65,0.65,-14.093225643411963559,-3.4776559445961913023,-4.01219343744000246,-0.029046999347768078003,6.8175505575104779865,1.0,6.8175505575104779865,4.01219343744000246,0.65,0.65,3.4909685902345666637,9.092507742284654082,1.0,9.092507742284654082,9.092507742284654082,-384.45371157756973454,-387.11781634605913818,-11.321596173824640341,11.321596173824706177,22.643192347649346519
131,131,0.655,0.655,-17.585400593950188106,-3.5062350612350946747,-4.011471849671389913,-0.028127583883096961065,7.040398045577845486,1.0,7.040398045577845486,4.011471849671389913,0.655,0.655,3.5360602017695650433,8.949573411475823664,1.0,8.949573411475823664,8.949573411475823664,-384.42596870098751563,-387.04819371054993196,-11.321596173824640341,11.321596173824706177,22.643192347649346519
132,132,0.66,0.66,-21.105695765882152909,-3.5339111123623852245,-4.010773063203309818,-0.027237732100857326139,7.2704065765868091864,1.0,7.2704065765868091864,4.010773063203309818,0.66,0.66,3.5804643243493249765,8.818393256709113143,1.0,8.818393256709113143,8.818393256709113143,-384.3969818418796254,-386.98077106609539555,-11.321596173824640341,11.321596173824706177,22.643192347649346519
133,133,0.665,0.665,-24.653222818674958555,-3.560710525436809327,-4.0100964107747258097,-0.026371525818128289335,7.50921232101229338,1.0,7.50921232101229338,4.0100964107747258097,0.665,0.665,3.62424413433665625,8.700515397063958989,1.0,8.700515397063958989,8.700515397063958989,-384.36623302045308373,-386.91548403179282373,-11.321596173824640341,11.321596173824706177,22.643192347649346519
134,134,0.67,0.67,-28.227116816755771563,-3.5866541639986418031,-4.0094413656067432678,-0.025524092575954966406,7.7585279871589565037,1.0,7.7585279871589565037,4.0094413656067432678,0.67,0.67,3.6674694783199646407,8.596831575843507517,1.0,8.596831575843507517,8.596831575843507517,-384.3334101294834669,-386.8522817812056146,-11.321596173824640341,11.321596173824706177,22.643192347649346519
135,135,0.675,0.675,-31.82653114667224216,-3.6117587105887192598,-4.0088075064855937892,-0.024692463773417269897,8.0198310065183432095,1.0,8.0198310065183432095,4.0088075064855937892,0.675,0.675,3.7102124500950913984,8.5070156139064447565,1.0,8.5070156139064447565,8.5070156139064447565,-384.29856809850884136,-386.79112367338342968,-11.321596173824640341,11.321596173824706177,22.643192347649346519
136,136,0.68,0.68,-35.450634237933210082,-3.636039091545476343,-4.008194456539473369,-0.023876817593393619664,8.293793166647748848,1.0,8.293793166647748848,4.008194456539473369,0.68,0.68,3.7525396344590291609,8.4287508675808937575,1.0,8.4287508675808937575,8.4287508675808937575,-384.26234934152389064,-386.7319733457250925,-11.321596173824640341,11.321596173824706177,22.643192347649346519
137,137,0.685,0.685,-39.098609329763194847,-3.6595123457755064991,-4.007601785556813758,-0.023082094082553827972,8.579350984755736864,1.0,8.579350984755736864,4.007601785556813758,0.685,0.685,3.7944999587709004078,8.356777039098906096,1.0,8.356777039098906096,8.356777039098906096,-384.22625361666857866,-386.67478928912455813,-11.321596173824640341,11.321596173824706177,22.643192347649346519
138,138,0.69,0.69,-42.76965892948422308,-3.6822032797105839989,-4.007028867205528581,-0.02231984339522160958,8.872346597188862293,1.0,8.872346597188862293,4.007028867205528581,0.69,0.69,3.8361074048500171108,8.28186803977144248,1.0,8.28186803977144248,8.28186803977144248,-384.19292373606942181,-386.61951107172245445,-11.321596173824640341,11.321596173824706177,22.643192347649346519
139,139,0.695,0.695,-46.463015889184362844,-3.7041520325659497183,-4.006474688019487114,-0.0216099841379558252,9.163791390737926847,1.0,9.163791390737926847,4.006474688019487114,0.695,0.695,3.8773186391686142549,8.189962648261698619,1.0,8.189962648261698619,8.189962648261698619,-384.1663818529618872,-386.5660409089025649,-11.321596173824640341,11.321596173824706177,22.643192347649346519
140,140,0.7,0.7,-50.177962994616122517,-3.7254232479864956493,-4.00593761582565679,-0.020981939817950097209,9.438087627530423104,1.0,9.438087627530423104,4.00593761582565679,0.7,0.7,3.9180070313326341666,8.061783359158503998,1.0,8.061783359158503998,8.061783359158503998,-384.15211879567432138,-386.51422131990776304,-11.321596173824640341,11.321596173824706177,22.643192347649346519
141,141,0.705,0.705,-53.913862385157354143,-3.7461159122018499127,-4.0054151513427105062,-0.020474466864902273258,9.6720167564826096535,1.0,9.6720167564826096535,4.0054151513427105062,0.705,0.705,3.9579364727601993635,7.873343831438718854,1.0,7.873343831438718854,7.873343831438718854,-384.15692141813759414,-386.46381116074913875,-11.321596173824640341,11.321596173824706177,22.643192347649346519
142,142,0.71,0.71,-57.670194819019822342,-3.7663721817163001958,-4.004903705292644369,-0.020133507517669422225,9.835811590384320403,1.0,9.835811590384320403,4.004903705292644369,0.71,0.71,3.9967404696470214224,7.5976893384305417556,1.0,7.5976893384305417556,7.5976893384305417556,-384.18834114258626236,-386.4144641187464111,-11.321596173824640341,11.321596173824706177,22.643192347649346519
143,143,0.715,0.715,-61.446606748589954534,-3.7863829272371887572,-4.0043984584233609536,-0.020007711426443971353,9.897653078684926259,1.0,9.897653078684926259,4.0043984584233609536,0.715,0.715,4.033913366144504846,7.2079763457452662723,1.0,7.2079763457452662723,7.2079763457452662723,-384.25377813745702085,-386.36571520676038388,-11.321596173824640341,11.321596173824706177,22.643192347649346519
144,144,0.72,0.72,-65.24296067349419986,-3.8063876045691881385,-4.0038933647684310604,-0.020141899735085769599,9.831713453147099012,1.0,9.831713453147099012,4.0038933647684310604,0.72,0.72,4.0688202331044741465,6.6815802839528210255,1.0,6.6815802839528210255,6.6815802839528210255,-384.3592780545139655,-386.31698107771214207,-11.321596173824640341,11.321596173824706177,22.643192347649346519
145,145,0.725,0.725,-69.05938195772833081,-3.8266667267073602964,-4.0033813417175441226,-0.020569550722711405291,9.62730733728340852,1.0,9.62730733728340852,4.0033813417175441226,0.725,0.725,4.1007291689840331132,6.0044402520071212814,1.0,6.0044402520071212814,6.0044402520071212814,-384.50827736975549867,-386.2675783635935852,-11.321596173824640341,11.321596173824706177,22.643192347649346519
146,146,0.73,0.73,-72.89629412690892045,-3.847526706014610949,-4.002854652733003119,-0.021306042618077600248,9.294517529471201669,1.0,9.294517529471201669,4.002854652733003119,0.73,0.73,4.1288646356245454106,5.1745235188084937328,1.0,5.1745235188084937328,5.1745235188084937328,-384.70062521098465907,-386.21676060199554772,-11.321596173824640341,11.321596173824706177,22.643192347649346519
147,147,0.735,0.735,-76.75443536975755271,-3.8692788119435154968,-4.0023054386415327166,-0.02234452315674647499,8.862546996783495869,1.0,8.862546996783495869,4.0023054386415327166,0.735,0.735,4.1524744041721180945,4.2033412219164759116,1.0,4.2033412219164759116,4.2033412219164759116,-384.9321905199528333,-386.16376949797436074,-11.321596173824640341,11.321596173824706177,22.643192347649346519
148,148,0.74,0.74,-80.63485175079595144,-3.892215752328103899,-4.00172630892804171,-0.02365569414405338522,8.371320046305374055,1.0,8.371320046305374055,4.00172630892804171,0.74,0.74,4.1708980478437102054,3.114940258559579428,1.0,3.114940258559579428,3.114940258559579428,-385.19521447946894555,-386.10789197522690233,-11.321596173824640341,11.321596173824706177,22.643192347649346519
149,149,0.745,0.745,-84.53886687441376051,-3.9165902002316222673,-4.0011108839064747212,-0.025191665825949919807,7.8609087610789437615,1.0000000000000142,7.8609087610790554716,4.0011108839064747212,0.745,0.745,4.1836238067577139156,1.9425662426674197847,1.0000000000000142,1.9425662426674473902,1.9425662426674473902,-385.47934057852373596,-386.04851248762528995,-11.321596173824640341,11.321596173824706177,22.643192347649346519
150,150,0.75,0.75,-88.46803215125919598,-3.9425990839800037387,-4.0004541913772679166,-0.026892825541513815102,7.3636511824199914196,1.0000000000000142,7.3636511824200960633,4.0004541913772679166,0.75,0.75,4.19032371027038442,0.7238989784690798013,1.0000000000000142,0.7238989784690900885,0.7238989784690900885,-385.77304889015179384,-385.98515129084323422,-11.321596173824640341,11.321596173824706177,22.643192347649346519
151,151,0.755,0.755,-92.424065042373767985,-3.9703758513146498975,-3.999752861948037304,-0.028695899314516368217,6.9009646440042325772,1.0,6.9009646440042325772,3.999752861948037304,0.755,0.755,4.1908627965424047196,-0.5039049809473285235,1.0,-0.5039049809473285235,-0.5039049809473285235,-386.065127447355086,-385.91748328793751874,-11.321596173824640341,11.321596173824706177,22.643192347649346519
152,152,0.76,0.76,-96.40878385388849577,-3.999990882609036475,-3.9990051186003644293,-0.030541330809115535203,6.4839802769261711463,1.0,6.4839802769261711463,3.9990051186003644293,0.76,0.76,4.1852846604609111303,-1.7082667780703963689,1.0,-1.7082667780703963689,-1.7082667780703963689,-386.3458591886704796,-385.84533702269585345,-11.321596173824640341,11.321596173824706177,22.643192347649346519
153,153,0.765,0.765,-100.424046807591840935,-4.031458512932880968,-3.998210599391257805,-0.03237865662580925903,6.11604702708796475,1.0,6.11604702708796475,3.998210599391257805,0.765,0.765,4.1737801287617007414,-2.8637092473452658847,1.0,-2.8637092473452658847,-2.8637092473452658847,-386.60774438240065864,-385.76867757292849573,-11.321596173824640341,11.321596173824706177,22.643192347649346519
154,154,0.77,0.77,-104.47170087975425771,-4.064748195860654993,-3.9973700755806312566,-0.034169372643210080623,5.7955230453063025387,1.0,5.7955230453063025387,3.9973700755806312566,0.77,0.77,4.156647567987458447,-3.9527636577327180112,1.0,-3.9527636577327180112,-3.9527636577327180112,-386.84573910562006915,-385.68757935390438277,-11.321596173824640341,11.321596173824706177,22.643192347649346519
155,155,0.775,0.775,-108.55354319931315092,-4.099797258219301129,-3.9964851295895116394,-0.035887504388099400465,5.5180595578847485318,1.0,5.5180595578847485318,3.9964851295895116394,0.775,0.775,4.1342524921843735275,-4.9655723474227201064,1.0,-4.9655723474227201064,-4.9655723474227201064,-387.05710774383670345,-385.60219504604184645,-11.321596173824640341,11.321596173824706177,22.643192347649346519
156,156,0.78,0.78,-112.67129539619285997,-4.136523204636853794,-3.9955578443252235449,-0.037518513956502450024,5.278177777162777616,1.0,5.278177777162777616,3.9955578443252235449,0.78,0.78,4.1069918445132312036,-5.898676300175805326,1.0,-5.898676300175805326,-5.898676300175805326,-387.2410377752973886,-385.51272561934587763,-11.321596173824640341,11.321596173824706177,22.643192347649346519
157,157,0.785,0.785,-116.82658960858685851,-4.174834286132306029,-3.9945905363374110287,-0.039057281223549799448,5.0702296830118287504,1.0,5.0702296830118287504,3.9945905363374110287,0.785,0.785,4.075265729182615424,-6.7534612595297151827,1.0,-6.7534612595297151827,-6.7534612595297151827,-387.39815873592046497,-385.41939458687825842,-11.321596173824640341,11.321596173824706177,22.643192347649346519
158,158,0.79,0.79,-121.020963968457472025,-4.214637767083953393,-3.9935855470871899854,-0.040505787079499411957,4.888915902528120519,1.0,4.888915902528120519,3.9935855470871899854,0.79,0.79,4.039457231917933994,-7.5346145251154363898,1.0,-7.5346145251154363898,-7.5346145251154363898,-387.53006992115122775,-385.32242786529240489,-11.321596173824640341,11.321596173824706177,22.643192347649346519
159,159,0.795,0.795,-125.255865142754765296,-4.255845860291304853,-3.9925450930940881331,-0.041870925312562156523,4.7295201889882710028,1.0,4.7295201889882710028,3.9925450930940881331,0.795,0.795,3.9999195839314609958,-8.248797731233381142,1.0,-8.248797731233381142,-8.248797731233381142,-387.63893705146248278,-385.2220393162111021,-11.321596173824640341,11.321596173824706177,22.643192347649346519
160,160,0.8,0.8,-129.53265568904008173,-4.298379617709077706,-3.9914711676997665058,-0.043162670231328024648,4.5879781194271539533,1.0,4.5879781194271539533,3.9914711676997665058,0.8,0.8,3.9569692546056001124,-8.903617863223041301,1.0,-8.903617863223041301,-8.903617863223041301,-387.7271813017908971,-385.118421267866546,-11.321596173824640341,11.321596173824706177,22.643192347649346519
161,161,0.805,0.805,-133.85262437817292071,-4.3421712007539609024,-3.9903654837455482189,-0.04439267544560438622,4.4608572159619849194,1.0,4.4608572159619849194,3.9903654837455482189,0.805,0.805,3.910883405299230507,-9.506897058619320773,1.0,-9.506897058619320773,-9.506897058619320773,-387.7972598224981294,-385.01173898432266843,-11.321596173824640341,11.321596173824706177,22.643192347649346519
162,162,0.81,0.81,-138.21699809054800354,-4.3871649686002864785,-3.989229446094282772,-0.04557328526823610851,4.3452953946992766403,1.0,4.3452953946992766403,3.989229446094282772,0.81,0.81,3.8619002840194068236,-10.066198763682948414,1.0,-10.066198763682948414,-10.066198763682948414,-387.851524251997192,-384.9021280142380881,-11.321596173824640341,11.321596173824706177,22.643192347649346519
163,163,0.815,0.815,-142.62695431537349366,-4.4333177712904331194,-3.988064144229666568,-0.046716894325795017828,4.2389244716560625114,1.0,4.2389244716560625114,3.988064144229666568,0.815,0.815,3.8102214176624018313,-10.588552720504649379,1.0,-10.588552720504649379,-10.588552720504649379,-387.89213942391695542,-384.78969347680909316,-11.321596173824640341,11.321596173824706177,22.643192347649346519
164,164,0.82,0.82,-147.08363363312886977,-4.480598757251876514,-3.9868703571162021596,-0.047835577525215937367,4.139792949985687763,1.0,4.139792949985687763,3.9868703571162021596,0.82,0.82,3.7560147568143616202,-11.080322580295597634,1.0,-11.080322580295597634,-11.080322580295597634,-387.92104504671103313,-384.67451053068442302,-11.321596173824640341,11.321596173824706177,22.643192347649346519
165,165,0.825,0.825,-151.58815182987724669,-4.528988926340864994,-3.9856485644842992127,-0.048940917286301715422,4.046294952726806581,1.0,4.046294952726806581,3.9856485644842992127,0.825,0.825,3.6994181918594457605,-11.547168903728456252,1.0,-11.547168903728456252,-11.547168903728456252,-387.93994595160442068,-384.556625462811983,-11.321596173824640341,11.321596173824706177,22.643192347649346519
166,166,0.83,0.83,-156.14161148581059976,-4.578480591824479945,-3.9843989604145699716,-0.05004396774499153891,3.9571080296126554079,1.0,3.9571080296126554079,3.9843989604145699716,0.83,0.83,3.6405430677770769592,-11.994071413103349538,1.0,-11.994071413103349538,-11.994071413103349538,-387.95031992316338515,-384.43605699912410373,-11.321596173824640341,11.321596173824706177,22.643192347649346519
167,167,0.835,0.835,-160.74511301352620658,-4.629076861830848072,-3.9831214664305776777,-0.05115531033339295805,3.871140362687115259,1.0,3.871140362687115259,3.9831214664305776777,0.835,0.835,3.5794774777284121628,-12.425384724468792802,1.0,-12.425384724468792802,-12.425384724468792802,-387.95343529206507718,-384.3127975677957209,-11.321596173824640341,11.321596173824706177,22.643192347649346519
168,168,0.84,0.84,-165.39976520947229591,-4.680791212491265861,-3.9818157422764762666,-0.05228516865768193314,3.7874868090013807424,1.0,3.7874868090013807424,3.9818157422764762666,0.84,0.84,3.5162892205323889251,-12.8449102516928904405,1.0,-12.8449102516928904405,-12.8449102516928904405,-387.9503730428745377,-384.1868143391285208,-11.321596173824640341,11.321596173824706177,22.643192347649346519
169,169,0.845,0.845,-170.1066954385087383,-4.7336471991462119382,-3.9804811932087056185,-0.053443561755034469513,3.7053927562888913133,1.0,3.7053927562888913133,3.9804811932087056185,0.845,0.845,3.451028375211483149,-13.255973338551057139,1.0,-13.255973338551057139,-13.255973338551057139,-387.94205011728803809,-384.05804992909257833,-11.321596173824640341,11.321596173824706177,22.643192347649346519
170,170,0.85,0.85,-174.86705960776471978,-4.7876783360013348,-3.9791169730345307984,-0.05464048349583128239,3.6242246394560384826,1.0,3.6242246394560384826,3.9791169730345307984,0.85,0.85,3.3837294871468782409,-13.661499183640250815,1.0,-13.661499183640250815,-13.661499183640250815,-387.9292419533074181,-383.92642269250082462,-11.321596173824640341,11.321596173824706177,22.643192347649346519
171,171,0.855,0.855,-179.6820521105114079,-4.842928166137874503,-3.9777219823443644654,-0.055886102478121441745,3.543446005648868437,1.0,3.543446005648868437,3.9777219823443644654,0.855,0.855,3.3144133833750805242,-14.064084167920037544,1.0,-14.064084167920037544,-14.064084167920037544,-387.91260321365465882,-383.7918265524540878,-11.321596173824640341,11.321596173824706177,22.643192347649346519
172,172,0.86,0.86,-184.55291594004046879,-4.8994505409575776836,-3.9762948614561242802,-0.057190981779414572922,3.4625981306140439775,1.0,3.4625981306140439775,3.9762948614561242802,0.86,0.86,3.2430886454676777454,-14.466061165905041375,1.0,-14.466061165905041375,-14.466061165905041375,-387.89268624118525133,-383.6541303195750742,-11.321596173824640341,11.321596173824706177,22.643192347649346519
173,173,0.865,0.865,-189.48095319242656327,-4.957310129696703649,-3.9748339775506269266,-0.05856632194332884664,3.3812843290552552266,1.0,3.3812843290552552266,3.9748339775506269266,0.865,0.865,3.1697527717160299873,-14.869558647230729842,1.0,-14.869558647230729842,-14.869558647230729842,-387.86995713440119138,-383.51317645076258753,-11.321596173824640341,11.321596173824706177,22.643192347649346519
174,174,0.87,0.87,-194.46753619943387609,-5.016583184844235377,-3.973337405345713701,-0.0600242341106270276,3.2991572409305013616,1.0,3.2991572409305013616,3.973337405345713701,0.87,0.87,3.0943930589953703204,-15.2765541082955086105,1.0,-15.2765541082955086105,-15.2765541082955086105,-387.84480953825870217,-383.36877918452811814,-11.321596173824640341,11.321596173824706177,22.643192347649346519
175,175,0.875,0.875,-199.51411956211503403,-5.077358597917957704,-3.9718029004391948026,-0.061578053747134084417,3.2159085022494604727,1.0,3.2159085022494604727,3.9718029004391948026,0.875,0.875,3.0169872306330747709,-15.688922798526211189,1.0,-15.688922798526211189,-15.688922798526211189,-387.81757634894914946,-383.22072196898096957,-11.321596173824640341,11.321596173824706177,22.643192347649346519
176,176,0.88,0.88,-204.6222533952697915,-5.1397392923385035457,-3.970227864140481895,-0.06324270947124030137,3.1312603184314368077,1.0,3.1312603184314368077,3.970227864140481895,0.88,0.88,2.9375038310101080747,-16.108482953236477303,1.0,-16.108482953236477303,-16.108482953236477303,-387.78853957389493357,-383.0687540685966457,-11.321596173824640341,11.321596173824706177,22.643192347649346519
177,177,0.885,0.885,-209.79359814679204112,-5.203844016860438307,-3.9686092981886449769,-0.06503516660322185977,3.0449585499727515293,1.0,3.0449585499727515293,3.9686092981886449769,0.885,0.885,2.8559024011007098605,-16.537038907000353338,1.0,-16.537038907000353338,-16.537038907000353338,-387.7579385949246329,-382.91258619517352937,-11.321596173824640341,11.321596173824706177,22.643192347649346519
178,178,0.89,0.89,-215.02994142899066811,-5.2698096255449472652,-3.9669437471858883793,-0.066974971957458273586,2.9567669953362387847,1.0,2.9567669953362387847,3.9669437471858883793,0.89,0.89,2.7721334419401044004,-16.976423604548845692,1.0,-16.976423604548845692,-16.976423604548845692,-387.72597706964050618,-382.75188495350769438,-11.321596173824640341,11.321596173824706177,22.643192347649346519
179,179,0.895,0.895,-220.33321739788193565,-5.337793960775354854,-3.9652272258049322334,-0.069084936066865377385,2.8664626164771383158,1.0,2.8664626164771383158,3.9652272258049322334,0.895,0.895,2.6861381650552212587,-17.428542202993909216,1.0,-17.428542202993909216,-17.428542202993909216,-387.6928286834501461,-382.58626581797293068,-11.321596173824640341,11.321596173824706177,22.643192347649346519
180,180,0.9,0.9,-225.70552935054137782,-5.40797949767867802,-3.9634551267718220945,-0.07139200292947564877,2.7738315003293214454,1.0,2.7738315003293214454,3.9634551267718220945,0.9,0.9,2.5978480199101651594,-17.895418718233855632,1.0,-17.895418718233855632,-17.895418718233855632,-387.65864193865409,-382.41528425421157028,-11.321596173824640341,11.321596173824706177,22.643192347649346519
181,181,0.905,0.905,-231.14917639323929169,-5.4805779666343061515,-3.9616221041532339393,-0.073928377757935693354,2.6786653867313581557,1.0,2.6786653867313581557,3.9616221041532339393,0.905,0.905,2.50718397787288255,-18.379248063994985105,1.0,-18.379248063994985105,-18.379248063994985105,-387.6235441408218773,-382.23842445807134668,-11.321596173824640341,11.321596173824706177,22.643192347649346519
182,182,0.91,0.91,-236.66668528380999012,-5.5558362531945494067,-3.9597219243906906082,-0.07673301368925403848,2.5807586210459955314,1.0,2.5807586210459955314,3.9597219243906906082,0.91,0.91,2.4140555392702151517,-18.882456435786923121,1.0,-18.882456435786923121,-18.882456435786923121,-387.5876447182778625,-382.05508498259229402,-11.321596173824640341,11.321596173824706177,22.643192347649346519
183,183,0.915,0.915,-242.2608488996283905,-5.6340439940128142285,-3.9577472745126583533,-0.07985360484777402276,2.479905409090657522,1.0,2.479905409090657522,3.9577472745126583533,0.915,0.915,2.3183594135150131577,-19.407773909233117154,1.0,-19.407773909233117154,-19.407773909233117154,-387.55103798869248868,-381.86456023328718537,-11.321596173824640341,11.321596173824706177,22.643192347649346519
184,184,0.92,0.92,-247.93477327183561858,-5.7155434628900974522,-3.955689512523954593,-0.08334930540967254442,2.3758972630190842454,1.0,2.3758972630190842454,3.955689512523954593,0.92,0.92,2.2199778001778838147,-19.958324516772600804,1.0,-19.958324516772600804,-19.958324516772600804,-387.5138054677950113,-381.66601638438063926,-11.321596173824640341,11.321596173824706177,22.643192347649346519
185,185,0.925,0.925,-253.6919358254085854,-5.8007426048321593173,-3.953538338311733206,-0.0872945093969823005,2.2685205285571885452,1.0,2.2685205285571885452,3.953538338311733206,0.925,0.925,2.1187761683472869795,-20.537741204631466407,1.0,-20.537741204631466407,-20.537741204631466407,-387.47601779902083108,-381.4584596260638114,-11.321596173824640341,11.321596173824706177,22.643192347649346519
186,186,0.93,0.93,-259.5362584814999372,-5.8901324816840620532,-3.951281353164532731,-0.091784214057228596245,2.1575538738492544165,1.0,2.1575538738492544165,3.951281353164532731,0.93,0.93,2.0146003881315689755,-21.150316398336043683,1.0,-21.150316398336043683,-21.150316398336043683,-387.43773636925592815,-381.24069366454346736,-11.321596173824640341,11.321596173824706177,22.643192347649346519
187,187,0.935,0.935,-265.4722007887767095,-5.98431103294661651,-3.948903459840699167,-0.09694180641864972789,2.0427655921964099916,1.0000000000000142,2.0427655921964390211,3.948903459840699167,0.935,0.935,1.9072730043639263622,-21.801204187719459837,1.0000000000000142,-21.80120418771976965,-21.80120418771976965,-387.39901466444630784,-381.01126183744450612,-11.321596173824640341,11.321596173824706177,22.643192347649346519
188,188,0.94,0.94,-271.50488054739317023,-6.084016094521361509,-3.946386028885427432,-0.10293066399532960903,1.9239105132593739501,0.9999999999999858,1.9239105132593466097,3.946386028885427432,0.94,0.94,1.7965883462543765314,-22.496698750014505419,0.9999999999999858,-22.496698750014185722,-22.496698750014185722,-387.35989940938707177,-380.76836667563282168,-11.321596173824640341,11.321596173824706177,22.643192347649346519
189,189,0.945,0.945,-277.64023297781943253,-6.190172360937275728,-3.9437057128919293936,-0.109971957986624124803,1.8007262053247159573,1.0,1.8007262053247159573,3.9437057128919293936,0.945,0.945,1.6823060168637836416,-23.244628093494650409,1.0,-23.244628093494650409,-23.244628093494650409,-387.32043152820422405,-380.50975549681029148,-11.321596173824640341,11.321596173824706177,22.643192347649346519
190,190,0.95,0.95,-283.8852252692677217,-6.3039600104946097586,-3.9408327138004188535,-0.118372933287538971425,1.6729279329114095157,1.0,1.6729279329114095157,3.9408327138004188535,0.95,0.95,1.5641420653194298291,-24.054927407286328958,1.0,-24.054927407286328958,-24.054927407286328958,-387.28064695561676997,-380.23255322528187558,-11.321596173824640341,11.321596173824706177,22.643192347649346519
191,191,0.955,0.955,-290.24815299880865205,-6.4269182275123536707,-3.9377281690878774628,-0.1285736966123044514,1.5402013927818531542,1.0,1.5402013927818531542,3.9377281690878774628,0.955,0.955,1.4417567427909201469,-24.940502137143437847,1.0,-24.940502137143437847,-24.940502137143437847,-387.24057732379010652,-379.93301019760707923,-11.321596173824640341,11.321596173824706177,22.643192347649346519
192,192,0.96,0.96,-296.73906172429242903,-6.5611074037192186614,-3.9343400563811586484,-0.14122850813288203436,1.402191308365706993,1.0,1.402191308365706993,3.9343400563811586484,0.96,0.96,1.3147370439479952381,-25.918578591897979281,1.0,-25.918578591897979281,-25.918578591897979281,-387.20025054526122815,-379.60610701783512022,-11.321596173824640341,11.321596173824706177,22.643192347649346519
193,193,0.965,0.965,-303.37036780624708937,-6.7093752437781177395,-3.9305964746177018642,-0.15735578213081549692,1.2584817914905334059,1.0,1.2584817914905334059,3.9305964746177018642,0.965,0.965,1.1825709568719401331,-27.012918159719995305,1.0,-27.012918159719995305,-27.012918159719995305,-387.15969130886293284,-379.24490628806497422,-11.321596173824640341,11.321596173824706177,22.643192347649346519
194,194,0.97,0.97,-310.1578122118486645,-6.8758189679808496553,-3.926393973992349432,-0.17863677789076537472,1.1085588809627755633,1.0,1.1085588809627755633,3.926393973992349432,0.97,0.97,1.0446078623507950546,-28.25766171730588866,1.0,-28.25766171730588866,-28.25766171730588866,-387.11892150265875046,-378.83942661948812508,-11.321596173824640341,11.321596173824706177,22.643192347649346519
195,195,0.975,0.975,-317.12200574220878868,-7.066648799559648489,-3.9215757539579971938,-0.20807309997125775919,0.9517298806272295652,1.0,0.9517298806272295652,3.9215757539579971938,0.975,0.975,0.8999943396988810056,-29.704510294426122036,1.0,-29.704510294426122036,-29.704510294426122036,-387.07796057550728963,-378.37453905924043587,-11.321596173824640341,11.321596173824706177,22.643192347649346519
196,196,0.98,0.98,-324.29110981096796149,-7.2919651679233651737,-3.915886791015799842,-0.25165113578693298901,0.78692029733197590757,1.0,0.78692029733197590757,3.915886791015799842,0.98,0.98,0.74756275940653358107,-31.4375026162799832,1.0,-31.4375026162799832,-31.4375026162799832,-387.0368258469071315,-377.82563758033709642,-11.321596173824640341,11.321596173824706177,22.643192347649346519
197,197,0.985,0.985,-331.70593607805551903,-7.569951071133514467,-3.9088679866861341739,-0.32356056362194807186,0.6120319002434505294,1.0,0.6120319002434505294,3.9088679866861341739,0.985,0.985,0.58561931353608090553,-33.607873241166974023,1.0,-33.607873241166974023,-33.607873241166974023,-386.99553277315722896,-377.14842591349530557,-11.321596173824640341,11.321596173824706177,22.643192347649346519
198,198,0.99,0.99,-339.43101195323499042,-7.9390862951672613174,-3.8995477733991980643,-0.39857803200466337262,0.49683969184499812572,1.0,0.49683969184499812572,3.8995477733991980643,0.99,0.99,0.41148402699486355424,-36.535607977705389177,1.0,-36.535607977705389177,-36.535607977705389177,-386.95409517653215803,-376.249162039064479,-11.321596173824640341,11.321596173824706177,22.643192347649346519
199,199,0.995,0.995,-347.58410866839004166,-8.367107135142841212,-3.888740770273803421,-0.457463647946496417,0.43288551448036298761,0.9999999999999432,0.43288551448033838091,3.888740770273803421,0.995,0.995,0.22026323375902670224,-39.952709316629292674,0.9999999999999432,-39.952709316627021626,-39.952709316627021626,-386.9125885830478785,-375.20644475327549575,-11.321596173824640341,11.321596173824706177,22.643192347649346519
