,N,x,xmobile,logQ,dlogQ_1.25,mu_1.25,ddxdmu_1.25,dxdmu_1.25,dxmobile,dxmobdmu_1.25,V_1.25,x_1.25,xmobile_1.25,S_1.25,dS_1.25,dx,dSmob_1.25,dSmobvib_1.25,dH_1.25,dG_1.25,min_amp_1.25,max_amp_1.25,total_amp_1.25
0,0,0.0,0.0,0.0,5.657737929356313871,-4.242850968398421407,-0.79669682179492092955,0.24856304328066947968,1.0,0.24856304328066947968,4.242850968398421407,0.0,0.0,0.0,46.955955827097511684,1.0,46.955955827097511684,46.955955827097511684,-395.61478976950786965,-409.37288482684744056,-3.0366482221206614505,3.3184552306765970897,6.3551034527972585404
1,1,0.005,0.005,5.29534692574905683,4.9329559221417997894,-4.224551108471872174,-0.65286719263410723357,0.30332261879847024683,1.0,0.30332261879847024683,4.224551108471872174,0.005,0.005,0.22026323375902676897,41.14933767651319591,1.0,41.14933767651319591,41.14933767651319591,-395.55046082484379663,-407.60721676406216304,-3.0366482221206614505,3.3184552306765970897,6.3551034527972585404
2,2,0.01,0.01,9.865911844283599579,4.352003544088099404,-4.209882770907537706,-0.47959755213938430737,0.41290741730022411843,1.0000000000000004,0.4129074173002243018,4.209882770907537706,0.01,0.01,0.41149337676513195907,36.538527569086060122,1.0000000000000004,36.53852756908607635,36.53852756908607635,-395.48614876475867239,-406.191937342500888,-3.0366482221206614505,3.3184552306765970897,6.3551034527972585404
3,3,0.015,0.015,13.999354013925255638,3.9737608178630311746,-4.2003326043205432066,-0.33267387636870017226,0.59526581635736297365,1.0000000000000004,0.595265816357363238,4.2003326043205432066,0.015,0.015,0.5856485094498872633,33.613020415956342036,1.0000000000000004,33.61302041595635696,33.61302041595635696,-395.42187136566634426,-405.27048634754155249,-3.0366482221206614505,3.3184552306765970897,6.3551034527972585404
4,4,0.02,0.02,17.813433480009661928,3.6866557913506990594,-4.193083553271972049,-0.26077652541546902996,0.7593834846977979742,1.0,0.7593834846977979742,4.193083553271972049,0.02,0.02,0.7476235809246953025,31.44514942747037163,1.0,31.44514942747037163,31.44514942747037163,-395.3576304673075207,-404.5710592495563396,-3.0366482221206614505,3.3184552306765970897,6.3551034527972585404
5,5,0.025,0.025,21.372665596626653757,3.4522077670320931147,-4.1871640271767045166,-0.21721152294002848862,0.9116891402306411077,1.0000000000000004,0.9116891402306415126,4.1871640271767045166,0.025,0.025,0.90010000372459106897,29.714961715520257952,1.0000000000000004,29.714961715520271148,29.714961715520271148,-395.29342802560666784,-403.99991180825410342,-3.0366482221206614505,3.3184552306765970897,6.3551034527972585404
6,6,0.03,0.03,24.717849014073848157,3.2522327454706420821,-4.1821149022716210104,-0.18778928583835099433,1.0545297390813149712,0.9999999999999996,1.0545297390813145029,4.1821149022716210104,0.03,0.03,1.0447731980798978154,28.271260047052779722,0.9999999999999996,28.271260047052767168,28.271260047052767168,-395.22926612107903135,-403.51274531486549582,-3.0366482221206614505,3.3184552306765970897,6.3551034527972585404
7,7,0.035,0.035,27.877131087567937921,3.076629195355391126,-4.1776811272361947325,-0.16652353331508473093,1.1891976026156299721,1.0000000000000004,1.1891976026156305002,4.1776811272361947325,0.035,0.035,1.1828126041951189665,27.030048089112537285,1.0000000000000004,27.03004808911254929,27.03004808911254929,-395.16514696791155434,-403.08495105802152778,-3.0366482221206614505,3.3184552306765970897,6.3551034527972585404
8,8,0.04,0.04,30.87110740478463041,2.9191856788404726203,-4.1737058708558116564,-0.15041278047900601134,1.3165728734402517518,1.0000000000000004,1.3165728734402523365,4.1737058708558116564,0.04,0.04,1.3150736789710231562,25.939673044769523236,1.0000000000000004,25.939673044769534756,25.939673044769534756,-395.10107292377571703,-402.70139712589318734,-3.0366482221206614505,3.3184552306765970897,6.3551034527972585404
9,9,0.045,0.045,33.71550244524888316,2.7758036343973791034,-4.1700856494607263345,-0.13777590262752388529,1.4373296260141637777,1.0,1.4373296260141637777,4.1700856494607263345,0.045,0.045,1.4422093346428140514,24.966049016385930659,1.0,24.966049016385930659,24.966049016385930659,-395.03704650043488272,-402.3520988622359604,-3.0366482221206614505,3.3184552306765970897,6.3551034527972585404
10,10,0.05,0.05,36.422714673579388616,2.6436338735854248497,-4.166748524524802782,-0.12759463714675415126,1.5520196696795134207,1.0,1.5520196696795134207,4.166748524524802782,0.05,0.05,1.5647341691348825878,24.085477403579479985,1.0,24.085477403579479985,24.085477403579479985,-394.9730703752145163,-402.03011525446330393,-3.0366482221206614505,3.3184552306765970897,6.3551034527972585404
11,11,0.055,0.055,39.00277019241973286,2.5206143601038708008,-4.1636424321514605537,-0.119214895147602258085,1.6611127858829951785,1.0,1.6611127858829951785,4.1636424321514605537,0.055,0.055,1.6830641086786087871,23.280803743387725277,1.0,23.280803743387725277,23.280803743387725277,-394.90914740340952424,-401.73042290022212775,-3.0366482221206614505,3.3184552306765970897,6.3551034527972585404
12,12,0.06,0.06,41.463943393787130218,2.4052040832902203335,-4.160728463704739733,-0.112196763767882328605,1.7650187041675710202,1.0,1.7650187041675710202,4.160728463704739733,0.06,0.06,1.7975422065687597082,22.53920496634994268,1.0,22.53920496634994268,22.53920496634994268,-394.84528063170892165,-401.44926768684945487,-3.0366482221206614505,3.3184552306765970897,6.3551034527972585404
13,13,0.065,0.065,43.813178359000173528,2.2962208325681061436,-4.157976769812365818,-0.10623321799100247844,1.8641004230348649926,1.0,1.8641004230348649926,4.157976769812365818,0.065,0.065,1.9084561583421083607,21.850840529087049297,1.0,21.850840529087049297,21.850840529087049297,-394.78147331272526394,-401.1837695877477694,-3.0366482221206614505,3.3184552306765970897,6.3551034527972585404
14,14,0.07,0.07,46.056385058923342505,2.1927376473082153766,-4.1553639458512866382,-0.101103336576998601055,1.9586830000072935248,0.9999999999999991,1.9586830000072917851,4.1553639458512866382,0.07,0.07,2.0160506118596303875,21.207991397151572319,0.9999999999999991,21.207991397151553483,21.207991397151553483,-394.7177289207232996,-400.9316704000887103,-3.0366482221206614505,3.3184552306765970897,6.3551034527972585404
15,15,0.075,0.075,48.19865365361660428,2.0940141594141089415,-4.1528712984318704735,-0.096644026816905545876,2.0490597620953256556,1.0,2.0490597620953256556,4.1528712984318704735,0.075,0.075,2.120536072313624005,20.604489137594519499,1.0,20.604489137594519499,20.604489137594519499,-394.65405116864999507,-400.6911664859651893,-3.0366482221206614505,3.3184552306765970897,6.3551034527972585404
16,16,0.08,0.08,50.244413377751560388,1.9994495936744042849,-4.150483658714236907,-0.09273222694404792757,2.1354969369695848017,1.0,2.1354969369695848017,4.150483658714236907,0.08,0.08,2.2220955032355754531,20.035325079341856858,1.0,20.035325079341856858,20.035325079341856858,-394.59044402657628633,-400.4607942748234504,-3.0366482221206614505,3.3184552306765970897,6.3551034527972585404
17,17,0.085,0.085,52.19755284096541285,1.9085497055260130864,-4.1481885476271839167,-0.08927331204831129123,2.2182372542671749942,0.9999999999999982,2.2182372542671710538,4.1481885476271839167,0.085,0.085,2.3208893231070427444,19.496375350390531558,0.9999999999999982,19.496375350390496926,19.496375350390496926,-394.52691174166957616,-400.2393497193340019,-3.0366482221206614505,3.3184552306765970897,6.3551034527972585404
18,18,0.09,0.09,54.06151278880358656,1.8209029695777817024,-4.1459755746575097843,-0.08619331534410534269,2.297502837740951828,1.0,2.297502837740951828,4.1459755746575097843,0.09,0.09,2.4170592567394806997,18.984202824418407549,1.0,18.984202824418407549,18.984202824418407549,-394.46345885982507254,-400.02583028737966594,-3.0366482221206614505,3.3184552306765970897,6.3551034527972585404
19,19,0.095,0.095,55.839358780120976256,1.736163074837802401,-4.143835995875895277,-0.08343357405171980285,2.3734975859313652729,1.0000000000000018,2.3734975859313694891,4.143835995875895277,0.095,0.095,2.5107313513512266971,18.495911498098963205,1.0000000000000018,18.49591149809899606,18.49591149809899606,-394.40009024909303548,-399.81939231803603169,-3.0366482221206614505,3.3184552306765970897,6.3551034527972585404
20,20,0.1,0.1,57.533838938479191363,1.6540358214743420967,-4.1417623830961305554,-0.080946960581854886414,2.446409169336657254,1.0,2.446409169336657254,4.1417623830961305554,0.1,0.1,2.6020183717204704895,18.02903745815879999,1.0,18.02903745815879999,18.02903745815879999,-394.33681112504905597,-399.61931910028958437,-3.0366482221206614505,3.3184552306765970897,6.3551034527972585404
21,21,0.105,0.105,59.14743042306966045,1.5742691536740926282,-4.139748372216966834,-0.07869517650046893142,2.516410730665337876,1.0,2.516410730665337876,4.139748372216966834,0.105,0.105,2.6910217259328146368,17.581465916224475132,1.0,17.581465916224475132,17.581465916224475132,-394.27362707826391047,-399.4249965917176817,-3.0366482221206614505,3.3184552306765970897,6.3551034527972585404
22,22,0.11,0.11,60.68237724582737662,1.4966454684734042339,-4.1377884690295043952,-0.07664677494210740249,2.5836623490937182302,1.0,2.5836623490937182302,4.1377884690295043952,0.11,0.11,2.7778330308827151236,17.151367159422863773,1.0,17.151367159422863773,17.151367159422863773,-394.21054410403899187,-399.23589468174989095,-3.0366482221206614505,3.3184552306765970897,6.3551034527972585404
23,23,0.115,0.115,62.140721360016468917,1.4209756037898778232,-4.1358778974223375196,-0.074775692289982709227,2.6483123129026739228,1.0,2.6483123129026739228,4.1358778974223375196,0.115,0.115,2.8625353975270434207,16.737146454293933912,1.0,16.737146454293933912,16.737146454293933912,-394.1475686345828606,-399.05155254569098322,-3.0366482221206614505,3.3184552306765970897,6.3551034527972585404
24,24,0.12,0.12,63.524328453407132265,1.3470940838934388154,-4.134012479335509606,-0.07306014227493337794,2.7104982337999878963,1.0000000000000018,2.710498233799992711,4.134012479335509606,0.12,0.12,2.9452044954256544104,16.337404396673376267,1.0000000000000018,16.337404396673405289,16.337404396673405289,-394.08470757381312424,-398.8715670620384235,-3.0366482221206614505,3.3184552306765970897,6.3551034527972585404
25,25,0.125,0.125,64.83490952780334655,1.2748553192400110673,-4.132188538810957618,-0.07148177216541710694,2.7703480285732115667,1.0,2.7703480285732115667,4.132188538810957618,0.125,0.125,3.0259094414937770707,15.950905186971301358,1.0,15.950905186971301358,15.950905186971301358,-394.02196833497504444,-398.69558355475763572,-3.0366482221206614505,3.3184552306765970897,6.3551034527972585404
26,26,0.13,0.13,66.0740390918871544,1.2041305395626046015,-4.1304028245568101176,-0.070025011280010193704,2.8279807882574884894,1.0,2.8279807882574884894,4.1304028245568101176,0.13,0.13,3.10471354729536756,15.576550991801863089,1.0,15.576550991801863089,15.576550991801863089,-393.95935888127463553,-398.52328832187258142,-3.0366482221206614505,3.3184552306765970897,6.3551034527972585404
27,27,0.135,0.135,67.24317060692855575,1.1348052966799906799,-4.1286524468963581268,-0.06867656251806925245,2.883507550997182259,1.0,2.883507550997182259,4.1286524468963581268,0.135,0.135,3.1816749514117958345,15.213361031530253514,1.0,15.213361031530253514,15.213361031530253514,-393.89688776972790735,-398.35440255196627163,-3.0366482221206614505,3.3184552306765970897,6.3551034527972585404
28,28,0.14,0.14,68.34364968524713576,1.0667774145264660966,-4.126934826008811943,-0.06742500155010588622,2.937031991763769702,1.0000000000000018,2.9370319917637749193,4.126934826008811943,0.14,0.14,3.2568471576106702247,14.860454374556259477,1.0000000000000018,14.860454374556285874,14.860454374556285874,-393.83456419842801463,-398.18867733017299865,-3.0366482221206614505,3.3184552306765970897,6.3551034527972585404
29,29,0.145,0.145,69.376725435981487944,0.99995529357977890744,-4.125247649118178421,-0.06626045796629854122,2.9886510397815941817,0.9999999999999982,2.9886510397815888728,4.125247649118178421,0.145,0.145,3.330279495157357749,14.517035665882698392,0.9999999999999982,14.5170356658826726045,14.5170356658826726045,-393.77239805742931128,-398.02588950753294192,-3.0366482221206614505,3.3184552306765970897,6.3551034527972585404
30,30,0.15,0.15,70.343560272406693575,0.9342564985938690142,-4.123588834835238603,-0.06517435946794613265,3.0384554326886326827,1.0,3.0384554326886326827,4.123588834835238603,0.15,0.15,3.4020175142694973347,14.182383198220335385,1.0,14.182383198220335385,14.182383198220335385,-393.71039998343747832,-397.86583826051603657,-3.0366482221206614505,3.3184552306765970897,6.3551034527972585404
31,31,0.155,0.155,71.24523843316922597,0.86960657464388664215,-4.1219565032641313474,-0.064159225020514992766,3.0865302150090280172,1.0000000000000018,3.0865302150090335,4.1219565032641313474,0.155,0.155,3.4721033271395612238,13.855838867800797737,1.0000000000000018,13.85583886780082235,13.85583886780082235,-393.64858141848013343,-397.70834220674576717,-3.0366482221206614505,3.3184552306765970897,6.3551034527972585404
32,32,0.16,0.16,72.08277342169446686,0.80593804855283902866,-4.120348950789596513,-0.06320849637356279298,3.1329551873379056601,1.0,3.1329551873379056601,4.120348950789596513,0.16,0.16,3.54057590294750543,13.5367996574486233186,1.0,13.5367996574486233186,13.5367996574486233186,-393.58695467270550547,-397.5532369723379521,-3.0366482221206614505,3.3184552306765970897,6.3551034527972585404
33,33,0.165,0.165,72.85711453027490403,0.7431895818967610562,-4.118764628691390627,-0.062316399897408445915,3.1778053116579060428,0.9999999999999982,3.1778053116579003977,4.118764628691390627,0.165,0.165,3.6074713237140475725,13.2247103654753547786,0.9999999999999982,13.224710365475331287,13.224710365475331287,-393.5255329914212581,-397.40037312850553705,-3.0366482221206614505,3.3184552306765970897,6.3551034527972585404
34,34,0.17,0.17,73.56915258548798897,0.68130524875802213683,-4.1172021249084405463,-0.061477832563306564206,3.2211510773979018065,1.0000000000000036,3.2211510773979132503,4.1172021249084405463,0.17,0.17,3.6728230066022590906,12.919057357110501155,1.0000000000000036,12.9190573571105470525,12.9190573571105470525,-393.46433062643352738,-397.2496144320669042,-3.0366482221206614505,3.3184552306765970897,6.3551034527972585404
35,35,0.175,0.175,74.2197250277909483,0.6202339167701479278,-4.1156601484109816246,-0.060688267292658045968,3.263058832153212233,1.0,3.263058832153212233,4.1156601484109816246,0.175,0.175,3.7366618972851518878,12.6193631601015476,1.0,12.6193631601015476,12.6193631601015476,-393.40336291167667995,-397.1008363175864334,-3.0366482221206614505,3.3184552306765970897,6.3551034527972585404
36,36,0.18,0.18,74.80962041902828483,0.5599287141727060449,-4.1141375157443448914,-0.05994367395317597158,3.3035910803877352139,1.0,3.3035910803877352139,4.1141375157443448914,0.18,0.18,3.7990166382032747809,12.32518176114655481,1.0,12.32518176114655481,12.32518176114655481,-393.342646343031398,-396.95392459904733853,-3.0366482221206614505,3.3184552306765970897,6.3551034527972585404
37,37,0.185,0.185,75.33958245613636039,0.5003465688637959846,-4.1126331393905957473,-0.059240453078616190155,3.3428067529224332445,1.0000000000000036,3.3428067529224451207,4.1126331393905957473,0.185,0.185,3.8599137148966175409,12.0360944874093102885,1.0000000000000036,12.0360944874093530495,12.0360944874093530495,-393.28219866210958408,-396.808774346920512,-3.0366482221206614505,3.3184552306765970897,6.3551034527972585404
38,38,0.19,0.19,75.810313556755876796,0.44144780801547366458,-4.111146017659312741,-0.058575380000119066023,3.3807614495540654928,1.0000000000000036,3.3807614495540775036,4.111146017659312741,0.19,0.19,3.9193775830773679863,11.751706379334718705,1.0000000000000036,11.7517063793347604555,11.7517063793347604555,-393.2220389436278848,-396.66528891277295737,-3.0366482221206614505,3.3184552306765970897,6.3551034527972585404
39,39,0.195,0.195,76.22247807216730772,0.38319580886355785257,-4.1096752258704569525,-0.05794555754904637604,3.4175076567304816244,1.0,3.4175076567304816244,4.1096752258704569525,0.195,0.195,3.977430778689964828,11.471642978659646606,1.0,11.471642978659646606,11.471642978659646606,-393.1621876857967371,-396.52337907854401355,-3.0366482221206614505,3.3184552306765970897,6.3551034527972585404
40,40,0.2,0.2,76.5767051744829925,0.3255566929173809125,-4.1082199086335419056,-0.057348375858007970274,3.4530949418287748942,1.0,3.4530949418287748942,4.1082199086335419056,0.2,0.2,4.0340940128639645504,11.195547469947649155,1.0,11.195547469947649155,11.195547469947649155,-393.10266690290383845,-396.38296231159849967,-3.0366482221206614505,3.3184552306765970897,6.3551034527972585404
41,41,0.205,0.205,76.87359145800206955,0.26849905714754191202,-4.106779273060452848,-0.05678147807396012256,3.4875701252341764816,0.9999999999999964,3.4875701252341640914,4.106779273060452848,0.205,0.205,4.089386253389440611,10.923078125938409738,0.9999999999999964,10.9230781259383709315,10.9230781259383709315,-393.04350021896337464,-396.2439621098633287,-3.0366482221206614505,3.3184552306765970897,6.3551034527972585404
42,42,0.21,0.21,77.113703288778076325,0.21199373676946066739,-4.105352582776021395,-0.05624273102387834268,3.5209774310800740626,1.0,3.5209774310800740626,4.105352582776021395,0.21,0.21,4.1433247941233489393,10.653906017115846977,1.0,10.653906017115846977,10.653906017115846977,-392.98471296092087007,-396.10630742393581324,-3.0366482221206614505,3.3184552306765970897,6.3551034527972585404
43,43,0.215,0.215,77.29757893154099088,0.15601359509978522666,-4.1039391526121566317,-0.055730200053496438753,3.5533586171822587928,1.0,3.5533586171822587928,4.1039391526121566317,0.215,0.215,4.1959253135605991715,10.38771295463072028,1.0,10.38771295463072028,10.38771295463072028,-392.92633224943834153,-395.96993214514514256,-3.0366482221206614505,3.3184552306765970897,6.3551034527972585404
44,44,0.22,0.22,77.42573047897764678,0.10053333666246778988,-4.102538343889001937,-0.05524212740321427298,3.5847530843980562492,1.0,3.5847530843980562492,4.102538343889001937,0.22,0.22,4.2472019236696562307,10.124189643476093736,1.0,10.124189643476093736,10.124189643476093736,-392.8683870847147359,-395.8347746502532314,-3.0366482221206614505,3.3184552306765970897,6.3551034527972585404
45,45,0.225,0.225,77.49864560486592646,0.045529340293356680702,-4.1011495602010298897,-0.05477691360098230558,3.6151979653309915855,1.0,3.6151979653309915855,4.1011495602010298897,0.225,0.225,4.297167209995360195,9.863034029905232231,1.0,9.863034029905232231,9.863034029905232231,-392.81090842411245448,-395.70077739487468751,-3.0366482221206614505,3.3184552306765970897,6.3551034527972585404
46,46,0.23,0.23,77.51678915956436014,-0.009020490539496821281,-4.099772243637812942,-0.054333101445643086636,3.644728191993584706,1.0,3.644728191993584706,4.099772243637812942,0.23,0.23,4.345832263968708637,9.603949833783592294,1.0,9.603949833783592294,9.603949833783592294,-392.7539292475380226,-395.56788654883661513,-3.0366482221206614505,3.3184552306765970897,6.3551034527972585404
47,47,0.235,0.235,77.48060462378693282,-0.06313686259792949257,-4.098405871378920435,-0.053909362230294292917,3.6733765417484461665,0.9999999999999964,3.673376541748433116,4.098405871378920435,0.235,0.235,4.393206708333195401,9.3466452630937844615,0.9999999999999964,9.346645263093751255,9.346645263093751255,-392.69748460554964356,-395.4360516676361224,-3.0366482221206614505,3.3184552306765970897,6.3551034527972585404
48,48,0.24,0.24,77.390515434368501155,-0.116839215000085407115,-4.097049952610375765,-0.053504483917592158757,3.7011736605550383788,1.0,3.7011736605550383788,4.097049952610375765,0.24,0.24,4.4392987165996468414,9.090831914368883576,1.0,9.090831914368883576,9.090831914368883576,-392.64161164401358395,-395.30522539492366685,-3.0366482221206614505,3.3184552306765970897,6.3551034527972585404
49,49,0.245,0.245,77.246926193786762005,-0.17014583043311381008,-4.0957040257166716737,-0.05311736103015698464,3.7281480622682487327,1.0,3.7281480622682487327,4.0957040257166716737,0.245,0.245,4.484115027476884314,8.836223869562770367,1.0,8.836223869562770367,8.836223869562770367,-392.5863495977918267,-395.1753631915737184,-3.0366482221206614505,3.3184552306765970897,6.3551034527972585404
50,50,0.25,0.25,77.050223773502273535,-0.22307393706039937639,-4.0943676557077372247,-0.052746986061429929765,3.7543261024763530912,1.0,3.7543261024763530912,4.0943676557077372247,0.25,0.25,4.5276609552952746204,8.58253700693215385,1.0,8.58253700693215385,8.58253700693215385,-392.53173974439369223,-395.0464230874248133,-3.0366482221206614505,3.3184552306765970897,6.3551034527972585404
51,51,0.255,0.255,76.80077831966596325,-0.2756398025559736696,-4.0930404318446838353,-0.05239244224701083974,3.7797319251457680439,1.0,3.7797319251457680439,4.0930404318446838353,0.255,0.255,4.5699403975462059256,8.329488550977251382,1.0,8.329488550977251382,8.329488550977251382,-392.47782530676253693,-394.91836545219887158,-3.0366482221206614505,3.3184552306765970897,6.3551034527972585404
52,52,0.26,0.26,76.498944168390326195,-0.32785882155442105587,-4.091721965431802023,-0.052052897565086528667,3.8043873801601223513,1.0,3.8043873801601223513,4.091721965431802023,0.26,0.26,4.610955840805047205,8.07679689445586646,1.0,8.07679689445586646,8.07679689445586646,-392.42465129238570076,-394.79115278246126963,-3.0366482221206614505,3.3184552306765970897,6.3551034527972585404
53,53,0.265,0.265,76.14506067655712114,-0.37974559768614672695,-4.0904118877452711432,-0.051727599857474030123,3.8283119097544950577,1.0,3.8283119097544950577,4.0904118877452711432,0.265,0.265,4.6507083664907646592,7.82418173393769098,1.0,7.82418173393769098,7.82418173393769098,-392.37226425372796823,-394.6647495017717117,-3.0366482221206614505,3.3184552306765970897,6.3551034527972585404
54,54,0.27,0.27,75.73945297301803274,-0.43131402126936911612,-4.08910984807153153,-0.051415872980865513428,3.8515224018676033043,1.0,3.8515224018676033043,4.08910984807153153,0.27,0.27,4.6891976581444241817,7.571364569261682248,1.0,7.571364569261682248,7.571364569261682248,-392.32071195262224092,-394.53912177141591383,-3.0366482221206614505,3.3184552306765970897,6.3551034527972585404
55,55,0.275,0.275,75.28243263401838291,-0.4825773436478777538,-4.0878155118303469563,-0.051117113911477281285,3.874033008599090413,1.0,3.874033008599090413,4.0878155118303469563,0.275,0.275,4.7264220121833815462,7.3180696264483059144,1.0,7.3180696264483059144,7.3180696264483059144,-392.2700429087593089,-394.41423730930866254,-3.0366482221206614505,3.3184552306765970897,6.3551034527972585404
56,56,0.28,0.28,74.774298285722277234,-0.5335482490923236787,-4.0865285587593849223,-0.050830790735132093047,3.8958549283498203142,1.0000000000000036,3.8958549283498341551,4.0865285587593849223,0.28,0.28,4.7623783544089073032,7.0640252728515186276,1.0000000000000036,7.064025272851543724,7.064025272851543724,-392.22030580988694573,-394.2900652148324407,-3.0366482221206614505,3.3184552306765970897,6.3551034527972585404
57,57,0.285,0.285,74.21533613583373555,-0.5842389251181419399,-4.085248681138775047,-0.05055644145915703415,3.9169961508735635725,0.9999999999999964,3.9169961508735496565,4.085248681138775047,0.285,0.285,4.797062264911895913,6.808966002220032815,0.9999999999999964,6.8089660022200086246,6.8089660022200086246,-392.17154875888288454,-394.16657579753335416,-3.0366482221206614505,3.3184552306765970897,6.3551034527972585404
58,58,0.29,0.29,73.605820435485993354,-0.634661132010637747,-4.0839755820356856116,-0.050293673581802035913,3.937461165474230292,1.0,3.937461165474230292,4.0839755820356856116,0.29,0.29,4.830468014431107814,6.5526350753112533043,1.0,6.5526350753112533043,6.5526350753112533043,-392.1238183306823197,-394.04374040774851692,-3.0366482221206614505,3.3184552306765970897,6.3551034527972585404
59,59,0.295,0.295,72.94601387181246006,-0.6848262722817460117,-4.082708973550625262,-0.050042164348853158257,3.957250634023008456,1.0,3.957250634023008456,4.082708973550625262,0.295,0.295,4.862588615665008502,6.2947879079878315545,1.0,6.2947879079878315545,6.2947879079878315545,-392.07715841035945345,-393.92153126739988808,-3.0366482221206614505,3.3184552306765970897,6.3551034527972585404
60,60,0.3,0.3,72.23616789092250133,-0.7347454607083440635,-4.0814485750490612065,-0.049801661615304075592,3.9763610324304565133,1.0,3.9763610324304565133,4.0814485750490612065,0.3,0.3,4.893415893510986183,6.0351963023433502775,1.0,6.0351963023433502775,6.0351963023433502775,-392.03160878278476512,-393.79992129937136675,-3.0366482221206614505,3.3184552306765970897,6.3551034527972585404
61,61,0.305,0.305,71.47652295039577193,-0.7844295955123541629,-4.0801941113642086183,-0.04957198521160537108,3.99478426680039025,1.0,3.99478426680039025,4.0801941113642086183,0.305,0.305,4.922940578688442056,5.773653616069460509,1.0,5.773653616069460509,5.773653616069460509,-391.987203444595978,-393.67888395410432995,-3.0366482221206614505,3.3184552306765970897,6.3551034527972585404
62,62,0.31,0.31,70.667308699897793005,-0.83388943113155480566,-4.078945310959656582,-0.049353028688771252014,4.012507273792462986,1.0000000000000036,4.012507273792477241,4.078945310959656582,0.31,0.31,4.9511524296716808375,5.50998095949175834,1.0000000000000036,5.5099809594917779155,5.5099809594917779155,-391.94396861118690234,-393.55839303231798754,-3.0366482221206614505,3.3184552306765970897,6.3551034527972585404
63,63,0.315,0.315,69.80874408813266232,-0.88313565288989666693,-4.07770190404403387,-0.049144761284250574815,4.0295116187866242092,1.0000000000000036,4.029511618786638525,4.07770190404403387,0.315,0.315,4.9780403882833596865,5.2440344966898115586,1.0000000000000036,5.244034496689830189,5.244034496689830189,-391.90192039557216844,-393.43842250310228323,-3.0366482221206614505,3.3184552306765970897,6.3551034527972585404
64,64,0.32,0.32,68.90103739411799967,-0.9321789537000559553,-4.0764636206343632095,-0.048947229910684928594,4.0457731103216926652,0.9999999999999964,4.0457731103216782917,4.0764636206343632095,0.32,0.32,5.003592774638578998,4.9757139049258689856,0.9999999999999964,4.9757139049258513083,4.9757139049258513083,-391.86106214291670818,-393.3189463170599878,-3.0366482221206614505,3.3184552306765970897,6.3551034527972585404
65,65,0.325,0.325,67.94438618073255041,-0.9810301127112665241,-4.0752301885702996377,-0.04876056092306327132,4.0612614549254862197,0.9999999999999964,4.061261454925471791,4.0752301885702996377,0.325,0.325,5.0277975273326184187,4.7049720131908798204,0.9999999999999964,4.704972013190863105,4.704972013190863105,-391.82138141484489943,-393.19993821470982723,-3.0366482221206614505,3.3184552306765970897,6.3551034527972585404
66,66,0.33,0.33,66.93897716869546662,-1.0297000755461824979,-4.074001331488247776,-0.048584961367524834644,4.0759399827319730165,1.0,4.0759399827319730165,4.074001331488247776,0.33,0.33,5.050642494770487836,4.4318255940646393565,1.0,4.4318255940646393565,4.4318255940646393565,-391.78284663195757587,-393.0813715310185152,-3.0366482221206614505,3.3184552306765970897,6.3551034527972585404
67,67,0.335,0.335,65.88498602964018541,-1.0782000354463161934,-4.072776766772538691,-0.048420719359007114053,4.0897654809530574744,1.0,4.0897654809530574744,4.072776766772538691,0.335,0.335,5.07211578327326485,4.156367221618149449,1.0,4.156367221618149449,4.156367221618149449,-391.74540340178525422,-392.963218997719372,-3.0366482221206614505,3.3184552306765970897,6.3551034527972585404
68,68,0.34,0.34,64.782577097802834236,-1.126541514264196726,-4.0715562035104768714,-0.048268203178370844113,4.1026881789152746583,1.000000000000007,4.1026881789153038095,4.0715562035104768714,0.34,0.34,5.092206166986669366,3.8787780307089952947,1.000000000000007,3.8787780307090228551,3.8787780307090228551,-391.70897058300661733,-392.84545254600435296,-3.0366482221206614505,3.3184552306765970897,6.3551034527972585404
69,69,0.345,0.345,63.63190300111179196,-1.1747364418030578816,-4.0703393404891100686,-0.048127858626796468818,4.1146519344021802865,0.9999999999999929,4.1146519344021510504,4.0703393404891100686,0.345,0.345,5.1109035635803540965,3.599341119694199842,0.9999999999999929,3.5993411196941742672,3.5993411196941742672,-391.6734361651713206,-392.72804311324172116,-3.0366482221206614505,3.3184552306765970897,6.3551034527972585404
70,70,0.35,0.35,62.433104214196718473,-1.2227972315177896637,-4.0691258642838727855,-0.048000204132169189963,4.1255946756415086117,1.0,4.1255946756415086117,4.0691258642838727855,0.35,0.35,5.1281995781836117276,3.3184552306765970897,1.0,3.3184552306765970897,3.3184552306765970897,-391.63865307596993667,-392.61096045855817963,-3.0366482221206614505,3.3184552306765970897,6.3551034527972585404
71,71,0.355,0.355,61.186308538076212633,-1.2707368500673962616,-4.0679154475024717117,-0.0478858230758445148,4.135449155457380694,1.0,4.135449155457380694,4.0679154475024717117,0.355,0.355,5.144088115887120096,3.0366482221207859449,1.0,3.0366482221207859449,3.0366482221207859449,-391.60443506431818408,-392.49417299339957438,-3.0366482221206614505,3.3184552306765970897,6.3551034527972585404
72,72,0.36,0.36,59.89163051406192595,-1.3185688776694786933,-4.0667077472610087966,-0.047785352806870994187,4.144144072719043748,1.0,4.144144072719043748,4.0667077472610087966,0.36,0.36,5.158566060404819613,2.754589723501473797,1.0,2.754589723501473797,2.754589723501473797,-391.57055284551319116,-392.37764763449912297,-3.0366482221206614505,3.3184552306765970897,6.3551034527972585404
73,73,0.365,0.365,58.549170782737255246,-1.3663075556811382499,-4.065502403982621585,-0.04769946984359812233,4.151605610014150333,1.0,4.151605610014150333,4.065502403982621585,0.365,0.365,5.1716340131221348576,2.4731022384496909594,1.0,2.4731022384496909594,2.4731022384496909594,-391.5367307320980689,-392.26134968796382835,-3.0366482221206614505,3.3184552306765970897,6.3551034527972585404
74,74,0.37,0.37,57.15901540269964945,-1.4139678173566749379,-4.064299040620888923,-0.047628870838245872255,4.15775942431886533,1.000000000000007,4.157759424318894873,4.064299040620888923,0.37,0.37,5.1832970827893165436,2.1931698520339032998,1.000000000000007,2.1931698520339188833,2.1931698520339188833,-391.5026440076985867,-392.14524277434452035,-3.0366482221206614505,3.3184552306765970897,6.3551034527972585404
75,75,0.375,0.375,55.72123514802390537,-1.4615652973576299944,-4.0630972624197140043,-0.04757424900630779531,4.162533108428602705,1.000000000000007,4.1625331084286322815,4.0630972624197140043,0.375,0.375,5.1935657116424739092,1.915943611796816437,1.000000000000007,1.9159436117968300506,1.9159436117968300506,-391.46791732721162443,-392.02928880546809165,-3.0366482221206614505,3.3184552306765970897,6.3551034527972585404
76,76,0.38,0.38,54.23588480798438946,-1.5091163153692905285,-4.061896657326987605,-0.047536265905064998064,4.1658591146571881296,1.0,4.1658591146571881296,4.061896657326987605,0.38,0.38,5.2024565189072847246,1.6427426047659238195,1.0,1.6427426047659238195,1.6427426047659238195,-391.43212444115351686,-391.91344802434993255,-3.0366482221206614505,3.3184552306765970897,6.3551034527972585404
77,77,0.385,0.385,52.703002517285324313,-1.5566378291677599906,-4.060696797179587201,-0.04751551868556262801,4.167678099188109456,1.0,4.167678099188109456,4.060696797179587201,0.385,0.385,5.2099931376901331614,1.3750497577874942201,1.0,1.3750497577874942201,1.3750497577874942201,-391.3947895404972285,-391.7976791195289643,-3.0366482221206614505,3.3184552306765970897,6.3551034527972585404
78,78,0.39,0.39,51.12260914964886948,-1.6041473527404157846,-4.0594972397707353444,-0.047512503236775867343,4.1679426068231876746,1.0,4.1679426068231876746,4.0594972397707353444,0.39,0.39,5.216207016485159678,1.1145014586202134366,1.0,1.1145014586202134366,1.1145014586202134366,-391.3553904971616761,-391.68193942453739861,-3.0366482221206614505,3.3184552306765970897,6.3551034527972585404
79,79,0.395,0.395,49.494707811804492744,-1.6516628356413117253,-4.0582975318961283157,-0.047527573980161491943,4.1666209741747452623,1.0,4.1666209741747452623,4.0582975318961283157,0.395,0.395,5.221138152276335305,0.8628702393106969515,1.0,0.8628702393106969515,0.8628702393106969515,-391.31336423168943803,-391.56618521180747222,-3.0366482221206614505,3.3184552306765970897,6.3551034527972585404
80,80,0.4,0.4,47.81928347836624603,-1.6992025007007387685,-4.0570972134515713766,-0.047560901441228455727,4.163701288170282164,1.0,4.163701288170282164,4.0570972134515713766,0.4,0.4,5.224835718878266655,0.622039985262815287,1.0,0.622039985262815287,0.622039985262815287,-391.26811437235114058,-391.45037208803314546,-3.0366482221206614505,3.3184552306765970897,6.3551034527972585404
81,81,0.405,0.405,46.096302810403015207,-1.7467846385237686367,-4.0558958226216394027,-0.047612429099919646724,4.159195200517861324,1.0,4.159195200517861324,4.0558958226216394027,0.405,0.405,5.2273585521289634634,0.39397343012096103232,1.0,0.39397343012096103232,0.39397343012096103232,-391.21902127977430494,-391.3344554947997465,-3.0366482221206614505,3.3184552306765970897,6.3551034527972585404
82,82,0.41,0.41,44.325714201318708756,-1.7944273589005780619,-4.054692902156262395,-0.047681831376228730503,4.153141372336386254,1.0,4.153141372336386254,4.054692902156262395,0.41,0.41,5.2287754531794757022,0.18067205744194092532,1.0,0.18067205744194092532,0.18067205744194092532,-391.1654544013519204,-391.2183913141824091,-3.0366482221206614505,3.3184552306765970897,6.3551034527972585404
83,83,0.415,0.415,42.507448092601859083,-1.8421483012762260977,-4.0534880066810097653,-0.0477684749106604932,4.145608311082766459,1.0,4.145608311082766459,4.0534880066810097653,0.415,0.415,5.2291652727033834103,-0.015871063021859810327,1.0,-0.015871063021859810327,-0.015871063021859810327,-391.10678679554668444,-391.10213657408127952,-3.0366482221206614505,3.3184552306765970897,6.3551034527972585404
84,84,0.42,0.42,40.64141759876625656,-1.8899643087218990483,-4.0522807109289179666,-0.047871385519324004612,4.1366963677590908857,1.0,4.1366963677590908857,4.0522807109289179666,0.42,0.42,5.2286167425492571037,-0.19372454819604789655,1.0,-0.19372454819604789655,-0.19372454819604789655,-391.04241153509358184,-390.9856502424721398,-3.0366482221206614505,3.3184552306765970897,6.3551034527972585404
85,85,0.425,0.425,38.727519475158060987,-1.9378910723148741069,-4.051070618719461805,-0.04798922331120786082,4.126538687929401836,1.0,4.126538687929401836,4.051070618719461805,0.425,0.425,5.22722802722142293,-0.35107670576311145183,1.0,-0.35107670576311145183,-0.35107670576311145183,-390.9717595685340283,-390.86889409374543666,-3.0366482221206614505,3.3184552306765970897,6.3551034527972585404
86,86,0.43,0.43,36.765635454136508346,-1.9859427553443147699,-4.0498573724468988483,-0.04812026842548890182,4.115300954815294601,1.0,4.115300954815294601,4.0498573724468988483,0.43,0.43,5.2251059754916259863,-0.48629650547202718514,1.0,-0.48629650547202718514,-0.48629650547202718514,-390.894318500295647,-390.75183362419234304,-3.0366482221206614505,3.3184552306765970897,6.3551034527972585404
87,87,0.435,0.435,34.755633964469431447,-2.0341316091658519106,-4.0486406627794717912,-0.048262419661403578586,4.1031798236952219832,1.0,4.1031798236952219832,4.0486406627794717912,0.435,0.435,5.222365062166702654,-0.597995429823210467,1.0,-0.597995429823210467,-0.597995429823210467,-390.80965164877372037,-390.6344389878355197,-3.0366482221206614505,3.3184552306765970897,6.3551034527972585404
88,88,0.44,0.44,32.697372235804804525,-2.0824675946671219271,-4.0474202382169410085,-0.04841320792231032207,4.090400018837103517,1.0,4.090400018837103517,4.0474202382169410085,0.44,0.44,5.2191260211933938767,-0.6850878756829438254,1.0,-0.6850878756829438254,-0.6850878756829438254,-390.71741666616592037,-390.51668591859081783,-3.0366482221206614505,3.3184552306765970897,6.3551034527972585404
89,89,0.445,0.445,30.590698775135187593,-2.1309580250104725547,-4.046195914110894631,-0.048569825877461944748,4.0772101406539144716,1.0,4.0772101406539144716,4.046195914110894631,0.445,0.445,5.21551418340987321,-0.7468476353799143874,1.0,-0.7468476353799143874,-0.7468476353799143874,-390.61738295776120744,-390.39855660059489253,-3.0366482221206614505,3.3184552306765970897,6.3551034527972585404
90,90,0.45,0.45,28.435456185783859416,-2.1796072464220458166,-4.0449675807244340926,-0.048729174567476743647,4.063877304614826658,1.0,4.063877304614826658,4.0449675807244340926,0.45,0.45,5.211657544839594726,-0.7829579479293787281,1.0,-0.7829579479293787281,-0.7829579479293787281,-390.50944712458994773,-390.28004044584663976,-3.0366482221206614505,3.3184552306765970897,6.3551034527972585404
91,91,0.455,0.455,26.23148428229109596,-2.228416374145426042,-4.0437352098990218276,-0.04888792685976997305,4.0506807982553612495,1.0,4.0506807982553612495,4.0437352098990218276,0.455,0.455,5.2076846039305794154,-0.79355268045572940894,1.0,-0.79355268045572940894,-0.79355268045572940894,-390.3936456728337391,-390.1611347374602104,-3.0366482221206614505,3.3184552306765970897,6.3551034527972585404
92,92,0.46,0.46,23.978623437493007332,-2.2773831001415857627,-4.0424988599098226265,-0.049042606725738897237,4.0379049936073550704,1.0,4.0379049936073550704,4.0424988599098226265,0.46,0.46,5.2037220180350374256,-0.7792463762101665137,1.0,-0.7792463762101665137,-0.7792463762101665137,-390.27016428636381248,-390.0418450981342337,-3.0366482221206614505,3.3184552306765970897,6.3551034527972585404
93,93,0.465,0.465,21.676718082007924434,-2.3265015875969038365,-4.0412586781292472566,-0.049189682302860841638,4.0258317867986206417,1.000000000000007,4.025831786798649247,4.0412586781292472566,0.465,0.465,5.1998921401684777437,-0.74115118817340336355,1.000000000000007,-0.74115118817340862973,-0.74115118817340862973,-390.13934304527951524,-389.92218574714470805,-3.0366482221206614505,3.3184552306765970897,6.3551034527972585404
94,94,0.47,0.47,19.325620262299199659,-2.375762464747307446,-4.040014901182885331,-0.049325669677422016857,4.0147328539571216673,0.9999999999999929,4.014732853957093141,4.040014901182885331,0.47,0.47,5.196310506153302869,-0.6808791065977794488,0.9999999999999929,-0.68087910659777461085,-0.68087910659777461085,-390.00167709362338503,-389.80217951539023566,-3.0366482221206614505,3.3184552306765970897,6.3551034527972585404
95,95,0.475,0.475,16.925193152513309542,-2.4251529269517478702,-4.038767852372274785,-0.04944724334867589186,4.0048620142680940986,1.0,4.0048620142680940986,4.038767852372274785,0.475,0.475,5.193083349102500539,-0.6005283857746987475,1.0,-0.6005283857746987475,-0.6005283857746987475,-389.85781241375906625,-389.68185759672707952,-3.0366482221206614505,3.3184552306765970897,6.3551034527972585404
96,96,0.48,0.48,14.475314408395703918,-2.4746569514446592297,-4.0375179362526647463,-0.049551348500119093326,3.9964479795520963536,1.0,3.9964479795520963536,4.0375179362526647463,0.48,0.48,5.1903052222955558767,-0.5026536774937760965,1.0,-0.5026536774937760965,-0.5026536774937760965,-389.7085365523084895,-389.5612590248028131,-3.0366482221206614505,3.3184552306765970897,6.3551034527972585404
97,97,0.485,0.485,11.975879249623991083,-2.5242556239519860569,-4.036265630386359994,-0.049635309604863199744,3.9896877479732714747,1.0,3.9896877479732714747,4.036265630386359994,0.485,0.485,5.188056812327562774,-0.39022007547379639059,1.0,-0.39022007547379639059,-0.39022007547379639059,-389.5547643594888439,-389.44042987737502154,-3.0366482221206614505,3.3184552306765970897,6.3551034527972585404
98,98,0.49,0.49,9.426803160491731805,-2.5739275706543856292,-4.0350114744361780007,-0.04969692962471803071,3.984740870166107876,1.0,3.984740870166107876,4.0350114744361780007,0.49,0.49,5.1864030215408179095,-0.26654204197005654242,1.0,-0.26654204197005654242,-0.26654204197005654242,-389.39751904228710894,-389.31942222398988238,-3.0366482221206614505,3.3184552306765970897,6.3551034527972585404
99,99,0.495,0.495,6.828024108315219824,-2.6236494832014221183,-4.033756056909482151,-0.049734574205140860497,3.9817247812471119734,1.0,3.9817247812471119734,4.033756056909482151,0.495,0.495,5.185391391907862206,-0.13520898268119030394,1.0,-0.13520898268119030394,-0.13520898268119030394,-389.2379090789013961,-389.19829284697580735,-3.0366482221206614505,3.3184552306765970897,6.3551034527972585404
100,100,0.5,0.5,4.179504194088887568,-2.6733967190646673502,-4.0324999999999996394,-0.049747235863244961842,3.980711353325541215,1.0,3.980711353325541215,4.0324999999999996394,0.5,0.5,5.185050931714006005,-1.4466206010865789722e-13,1.0,-1.4466206010865789722e-13,-1.4466206010865789722e-13,-389.07710177890125097,-389.0771017789012086,-3.0366482221206614505,3.3184552306765970897,6.3551034527972585404
101,101,0.505,0.505,1.4812306701858851238,-2.723143954927912042,-4.031243943090517141,-0.049734574205140492085,3.9817247812471414686,1.0,3.9817247812471414686,4.031243943090517141,0.505,0.505,5.1853913919078607597,0.13520898268103653805,1.0,0.13520898268103653805,0.13520898268103653805,-388.91629447890106744,-388.95591071082661114,-3.0366482221206614505,3.3184552306765970897,6.3551034527972585404
102,102,0.51,0.51,-1.2667837157669365159,-2.7728658674749483344,-4.0299885255638212963,-0.049696929624718356837,3.984740870166081727,1.0,3.984740870166081727,4.0299885255638212963,0.51,0.51,5.1864030215408163716,0.26654204197001851728,1.0,0.26654204197001851728,0.26654204197001851728,-388.75668451551532115,-388.83478133381253658,-3.0366482221206614505,3.3184552306765970897,6.3551034527972585404
103,103,0.515,0.515,-4.064501064764011545,-2.8225378141773487556,-4.028734369613639282,-0.04963530960486429815,3.9896877479731831851,1.0,3.9896877479731831851,4.028734369613639282,0.515,0.515,5.188056812327560947,0.39022007547384540693,1.0,0.39022007547384540693,0.39022007547384540693,-388.59943919831355857,-388.71377368042739528,-3.0366482221206614505,3.3184552306765970897,6.3551034527972585404
104,104,0.52,0.52,-6.911859344121634027,-2.8721364866846769307,-4.0274820637473344952,-0.04955134850011718849,3.9964479795522499838,1.0,3.9964479795522499838,4.0274820637473344952,0.52,0.52,5.1903052222955548293,0.5026536774940215113,1.0,0.5026536774940215113,0.5026536774940215113,-388.4456670054938522,-388.59294453299960048,-3.0366482221206614505,3.3184552306765970897,6.3551034527972585404
105,105,0.525,0.525,-9.808774038133365406,-2.9216405111775831326,-4.026232147627724587,-0.049447243348673590425,4.0048620142682804976,1.0,4.0048620142682804976,4.026232147627724587,0.525,0.525,5.1930833491025011664,0.6005283857749155185,1.0,0.6005283857749155185,0.6005283857749155185,-388.29639114404329642,-388.47234596107534665,-3.0366482221206614505,3.3184552306765970897,6.3551034527972585404
106,106,0.53,0.53,-12.755140366476800292,-2.9710309733820241115,-4.0249850988171140273,-0.049325669677423923968,4.014732853956966443,1.0,4.014732853956966443,4.0249850988171140273,0.53,0.53,5.1963105061533039894,0.6808791065978443968,1.0,0.6808791065978443968,0.6808791065978443968,-388.15252646417902083,-388.35202404241218924,-3.0366482221206614505,3.3184552306765970897,6.3551034527972585404
107,107,0.535,0.535,-15.750835984897413629,-3.0202918505324309805,-4.023741321870752019,-0.04918968230286182436,4.0258317867985402125,1.0,4.0258317867985402125,4.023741321870752019,0.535,0.535,5.199892140168479616,0.7411511881735445839,1.0,0.7411511881735445839,0.7411511881735445839,-388.01486051252286022,-388.2320178106577088,-3.0366482221206614505,3.3184552306765970897,6.3551034527972585404
108,108,0.54,0.54,-18.795724067541662253,-3.0694103379877477602,-4.022501140090176682,-0.0490426067257399732,4.037904993607266481,1.0,4.037904993607266481,4.022501140090176682,0.54,0.54,5.2037220180350394418,0.7792463762100640956,1.0,0.7792463762100640956,0.7792463762100640956,-387.88403927143863759,-388.11235845966818636,-3.0366482221206614505,3.3184552306765970897,6.3551034527972585404
109,109,0.545,0.545,-21.88965666087290915,-3.118377063983910927,-4.0212647901009773935,-0.048887926859771246337,4.0506807982552557497,1.0,4.0506807982552557497,4.0212647901009773935,0.545,0.545,5.207684603930580264,0.7935526804556071734,1.0,0.7935526804556071734,0.7935526804556071734,-387.76055788496870833,-387.99306882034220123,-3.0366482221206614505,3.3184552306765970897,6.3551034527972585404
110,110,0.55,0.55,-25.032478195509484107,-3.167186191707290253,-4.0200324192755651515,-0.048729174567473649334,4.0638773046150847156,1.0,4.0638773046150847156,4.0200324192755651515,0.55,0.55,5.2116575448395955203,0.7829579479293738431,1.0,0.7829579479293738431,0.7829579479293738431,-387.64475643321246756,-387.8741631119557741,-3.0366482221206614505,3.3184552306765970897,6.3551034527972585404
111,111,0.555,0.555,-28.224029044287489655,-3.2158354131188582256,-4.0188040858891047463,-0.048569825877462156384,4.077210140653896706,1.0,4.077210140653896706,4.0188040858891047463,0.555,0.555,5.215514183409874009,0.7468476353799779477,1.0,0.7468476353799779477,0.7468476353799779477,-387.53682060004120064,-387.75564695720753416,-3.0366482221206614505,3.3184552306765970897,6.3551034527972585404
112,112,0.56,0.56,-31.464149021747200559,-3.2643258434622145657,-4.0175797617830582248,-0.04841320792231467449,4.090400018836735784,1.000000000000007,4.090400018836764848,4.0175797617830582248,0.56,0.56,5.2191260211933953057,0.68508787568295931303,1.000000000000007,0.6850878756829641809,0.6850878756829641809,-387.4367868916364879,-387.637517639211595,-3.0366482221206614505,3.3184552306765970897,6.3551034527972585404
113,113,0.565,0.565,-34.752680731211918787,-3.3126618289634875746,-4.0163593372205273666,-0.048262419661401591894,4.103179823695390888,0.9999999999999929,4.1031798236953617334,4.0163593372205273666,0.565,0.565,5.22236506216670317,0.5979954298231604515,0.9999999999999929,0.5979954298231562025,0.5979954298231562025,-387.3445519090286998,-387.51976456996688583,-3.0366482221206614505,3.3184552306765970897,6.3551034527972585404
114,114,0.57,0.57,-38.089472679674175708,-3.3608506827850177495,-4.015142627553100485,-0.04812026842548557592,4.1153009548155790355,1.0,4.1153009548155790355,4.015142627553100485,0.57,0.57,5.2251059754916272092,0.4862965054717387492,1.0,0.4862965054717387492,0.4862965054717387492,-387.25988505750685997,-387.40236993361007942,-3.0366482221206614505,3.3184552306765970897,6.3551034527972585404
115,115,0.575,0.575,-41.474382096781954286,-3.4089023658144587264,-4.0139293812805375205,-0.047989223311207112287,4.1265386879294662014,1.0,4.1265386879294662014,4.0139293812805375205,0.575,0.575,5.2272280272214205615,0.35107670576300459286,1.0,0.35107670576300459286,0.35107670576300459286,-387.1824439892684247,-387.28530946405698504,-3.0366482221206614505,3.3184552306765970897,6.3551034527972585404
116,116,0.58,0.58,-44.90727741130309316,-3.456829129407431974,-4.0127192890710814046,-0.04787138551932314766,4.1366963677591649376,1.0,4.1366963677591649376,4.0127192890710814046,0.58,0.58,5.228616742549257258,0.19372454819644030488,1.0,0.19372454819644030488,0.19372454819644030488,-387.11179202270872926,-387.16855331533028628,-3.0366482221206614505,3.3184552306765970897,6.3551034527972585404
117,117,0.585,0.585,-48.388040355596818234,-3.5046451368531050218,-4.0115119933189896037,-0.04776847491066331386,4.1456083110825216664,1.0,4.1456083110825216664,4.0115119933189896037,0.585,0.585,5.2291652727033849663,0.01587106302196555907,1.0,0.01587106302196555907,0.01587106302196555907,-387.04741676225571045,-387.05206698372114638,-3.0366482221206614505,3.3184552306765970897,6.3551034527972585404
118,118,0.59,0.59,-51.916567685009303204,-3.5523660792287586017,-4.010307097843736834,-0.04768183137623210801,4.153141372336092069,1.0,4.153141372336092069,4.010307097843736834,0.59,0.59,5.228775453179476914,-0.18067205744197872841,1.0,-0.18067205744197872841,-0.18067205744197872841,-386.98874915645050307,-386.93581224362000331,-3.0366482221206614505,3.3184552306765970897,6.3551034527972585404
119,119,0.595,0.595,-55.492772514054335437,-3.6000087996055692378,-4.0091041773783597955,-0.047612429099919089878,4.1591952005179099678,1.0,4.1591952005179099678,4.0091041773783597955,0.595,0.595,5.2273585521289651773,-0.3939734301211814116,1.0,-0.3939734301211814116,-0.3939734301211814116,-386.93518227802816903,-386.81974806300266287,-3.0366482221206614505,3.3184552306765970897,6.3551034527972585404
120,120,0.6,0.6,-59.11658528422044168,-3.6475909374285967815,-4.0079027865484278806,-0.047560901441226700187,4.163701288170435852,1.0,4.163701288170435852,4.0079027865484278806,0.6,0.6,5.2248357188782650964,-0.6220399852630958404,1.0,-0.6220399852630958404,-0.6220399852630958404,-386.8860891854513567,-386.70383146976926964,-3.0366482221206614505,3.3184552306765970897,6.3551034527972585404
121,121,0.605,0.605,-62.787954388911529,-3.6951306024880226381,-4.0067024681038709713,-0.04752757398016014146,4.1666209741748636555,1.0,4.1666209741748636555,4.0067024681038709713,0.605,0.605,5.2211381522763342135,-0.8628702393105774915,1.0,-0.8628702393105774915,-0.8628702393105774915,-386.84083932611294496,-386.58801834599494576,-3.0366482221206614505,3.3184552306765970897,6.3551034527972585404
122,122,0.61,0.61,-66.506846489196486956,-3.7426460853889170644,-4.005502760229263981,-0.047512503236775068503,4.1679426068232577514,1.0,4.1679426068232577514,4.005502760229263981,0.61,0.61,5.216207016485159314,-1.1145014586201390516,1.0,-1.1145014586201390516,-1.1145014586201390516,-386.79881306064072383,-386.4722641332650231,-3.0366482221206614505,3.3184552306765970897,6.3551034527972585404
123,123,0.615,0.615,-70.27324655968936313,-3.7901556089615727752,-4.0043032028204121266,-0.047515518685565068767,4.167678099187895372,1.0,4.167678099187895372,4.0043032028204121266,0.615,0.615,5.2099931376901328136,-1.3750497577874541966,1.0,-1.3750497577874541966,-1.3750497577874541966,-386.7594140173051816,-386.3565244382734575,-3.0366482221206614505,3.3184552306765970897,6.3551034527972585404
124,124,0.62,0.62,-74.087157707119632506,-3.837677122760047202,-4.003103342673011597,-0.047536265905066030224,4.165859114657097676,1.0,4.165859114657097676,4.003103342673011597,0.62,0.62,5.2024565189072847606,-1.6427426047658412189,1.0,-1.6427426047658412189,-1.6427426047658412189,-386.72207911664886865,-386.24075553345247716,-3.0366482221206614505,3.3184552306765970897,6.3551034527972585404
125,125,0.625,0.625,-77.94860080520945753,-3.8852281407717048356,-4.001902737580285271,-0.047574249006303680545,4.162533108428962728,1.000000000000007,4.1625331084289923047,4.001902737580285271,0.625,0.625,5.1935657116424743876,-1.9159436117967194035,1.000000000000007,-1.9159436117967330171,-1.9159436117967330171,-386.686286230590764,-386.1249147523343252,-3.0366482221206614505,3.3184552306765970897,6.3551034527972585404
126,126,0.63,0.63,-81.85761398866304218,-3.932825620772654563,-4.0007009593791104866,-0.04762887083824486438,4.157759424318953312,1.000000000000007,4.157759424318982855,4.0007009593791104866,0.63,0.63,5.18329708278931755,-2.193169852033749756,1.000000000000007,-2.1931698520337653394,-2.1931698520337653394,-386.65155955010379818,-386.0089607834579095,-3.0366482221206614505,3.3184552306765970897,6.3551034527972585404
127,127,0.635,0.635,-85.81425204675476666,-3.9804858824481945644,-3.9994975960173777408,-0.047699469843599764246,4.1516056100140074255,1.0,4.1516056100140074255,3.9994975960173777408,0.635,0.635,5.171634013122136871,-2.4731022384496929578,1.0,-2.4731022384496929578,-2.4731022384496929578,-386.61747282570435338,-385.89285386983859336,-3.0366482221206614505,3.3184552306765970897,6.3551034527972585404
128,128,0.64,0.64,-89.818585753559431306,-4.0282245604598540915,-3.9982922527389905304,-0.047785352806870936074,4.1441440727190487882,0.9999999999999929,4.144144072719019342,3.9982922527389905304,0.64,0.64,5.1585660604048205993,-2.754589723501564169,0.9999999999999929,-2.7545897235015445966,-2.7545897235015445966,-386.5836507122892571,-385.7765559233032988,-3.0366482221206614505,3.3184552306765970897,6.3551034527972585404
129,129,0.645,0.645,-93.87070116767447484,-4.0760565880619364365,-3.9970845524975276172,-0.04788582307584787756,4.1354491554570902835,0.9999999999999929,4.1354491554570608994,3.9970845524975276172,0.645,0.645,5.144088115887121206,-3.0366482221206830272,0.9999999999999929,-3.0366482221206614505,-3.0366482221206614505,-386.54976849348420778,-385.66003056440284766,-3.0366482221206614505,3.3184552306765970897,6.3551034527972585404
130,130,0.65,0.65,-97.97069892968330418,-4.1239962066115498467,-3.9958741357161263715,-0.048000204132170227328,4.1255946756414194508,1.0,4.1255946756414194508,3.9958741357161263715,0.65,0.65,5.1281995781836137434,-3.3184552306765765506,1.0,-3.3184552306765765506,-3.3184552306765765506,-386.51555048183246274,-385.5432430992442258,-3.0366482221206614505,3.3184552306765970897,6.3551034527972585404
131,131,0.655,0.655,-102.118693580897574535,-4.172056996326276891,-3.9946606595108892078,-0.048127858626792386146,4.1146519344025293315,1.0,4.1146519344025293315,3.9946606595108892078,0.655,0.655,5.1109035635803554123,-3.599341119694177915,1.0,-3.599341119694177915,-3.599341119694177915,-386.48076739263108992,-385.4261604445606958,-3.0366482221206614505,3.3184552306765970897,6.3551034527972585404
132,132,0.66,0.66,-106.31481292233585796,-4.220251923865134619,-3.9934437964895224918,-0.048268203178373499107,4.1026881789150489903,1.0,4.1026881789150489903,3.9934437964895224918,0.66,0.66,5.0922061669866719334,-3.878778030708885688,1.0,-3.878778030708885688,-3.878778030708885688,-386.44523297479577587,-385.30875101179807235,-3.0366482221206614505,3.3184552306765970897,6.3551034527972585404
133,133,0.665,0.665,-110.55919742862784377,-4.2685934026830238894,-3.9922232332274604518,-0.048420719359006254498,4.0897654809531300752,1.0,4.0897654809531300752,3.9922232332274604518,0.665,0.665,5.0721157832732665224,-4.1563672216184094077,1.0,-4.1563672216184094077,-4.1563672216184094077,-386.40880015601722602,-385.19098456008303208,-3.0366482221206614505,3.3184552306765970897,6.3551034527972585404
134,134,0.67,0.67,-114.85199972770190574,-4.317093362583147128,-3.9909986685117516307,-0.048584961367521306216,4.0759399827322690267,1.0,4.0759399827322690267,3.9909986685117516307,0.67,0.67,5.050642494770487804,-4.4318255940646338886,1.0,-4.4318255940646338886,-4.4318255940646338886,-386.37135692584485208,-385.07283202678391434,-3.0366482221206614505,3.3184552306765970897,6.3551034527972585404
135,135,0.675,0.675,-119.19338415379413803,-4.365763325418066502,-3.989769811429699683,-0.04876056092306842865,4.0612614549250566666,1.0,4.0612614549250566666,3.989769811429699683,0.675,0.675,5.0277975273326201457,-4.704972013190753477,1.0,-4.704972013190753477,-4.704972013190753477,-386.33282214295748477,-384.954265343092594,-3.0366482221206614505,3.3184552306765970897,6.3551034527972585404
136,136,0.68,0.68,-123.583526378538038744,-4.4146144844292839853,-3.9885363793656359364,-0.048947229910685289417,4.045773110321662841,1.0,4.045773110321662841,3.9885363793656359364,0.68,0.68,5.003592774638580229,-4.9757139049259768437,1.0,-4.9757139049259768437,-4.9757139049259768437,-386.29314141488572779,-384.83525724074241656,-3.0366482221206614505,3.3184552306765970897,6.3551034527972585404
137,137,0.685,0.685,-128.022613122652706,-4.4636577852394370806,-3.9872980959559654328,-0.04914476128424489533,4.0295116187870898853,1.0,4.0295116187870898853,3.9872980959559654328,0.685,0.685,4.978040388283360335,-5.244034496689892716,1.0,-5.244034496689892716,-5.244034496689892716,-386.25228316223027483,-384.71578105470013625,-3.0366482221206614505,3.3184552306765970897,6.3551034527972585404
138,138,0.69,0.69,-132.5108419490169129,-4.512904006997773776,-3.986054689040342851,-0.049353028688769602292,4.012507273792597112,1.0,4.012507273792597112,3.986054689040342851,0.69,0.69,4.9511524296716815105,-5.5099809594918214284,1.0,-5.5099809594918214284,-5.5099809594918214284,-386.2102349466155482,-384.59581052548444452,-3.0366482221206614505,3.3184552306765970897,6.3551034527972585404
139,139,0.695,0.695,-137.04842113664825355,-4.5623638426169762852,-3.9848058886357907676,-0.049571985211613298766,3.9947842667997513933,1.0,3.9947842667997513933,3.9848058886357907676,0.695,0.695,4.922940578688443003,-5.7736536160693779363,1.0,-5.7736536160693779363,-5.7736536160693779363,-386.16700011320642535,-384.47531960369809761,-3.0366482221206614505,3.3184552306765970897,6.3551034527972585404
140,140,0.7,0.7,-141.63556963425086548,-4.6120479774210003734,-3.9835514249509378262,-0.049801661615307329933,3.9763610324301966736,1.0,3.9763610324301966736,3.9835514249509378262,0.7,0.7,4.893415893510987682,-6.035196302343434377,1.0,-6.035196302343434377,-6.035196302343434377,-386.122594775017653,-384.35428225843102673,-3.0366482221206614505,3.3184552306765970897,6.3551034527972585404
141,141,0.705,0.705,-146.2725170914902543,-4.661967165847590945,-3.9822910264493739595,-0.050042164348847530814,3.9572506340234534646,1.0,3.9572506340234534646,3.9822910264493739595,0.705,0.705,4.8625886156650086076,-6.2947879079879276998,1.0,-6.2947879079879276998,-6.2947879079879276998,-386.07704514744298635,-384.23267229040252355,-3.0366482221206614505,3.3184552306765970897,6.3551034527972585404
142,142,0.71,0.71,-150.95950396594604737,-4.712132306118695435,-3.981024417964313705,-0.050293673581801173755,3.9374611654742977895,1.0,3.9374611654742977895,3.981024417964313705,0.71,0.71,4.8304680144311083513,-6.5526350753112392877,1.0,-6.5526350753112392877,-6.5526350753112392877,-386.03038522712009703,-384.11046315005390392,-3.0366482221206614505,3.3184552306765970897,6.3551034527972585404
143,143,0.715,0.715,-155.69678170372764517,-4.7625545130111932926,-3.979751318861224218,-0.050556441459156380158,3.916996150873614242,1.0,3.916996150873614242,3.979751318861224218,0.715,0.715,4.7970622649118961588,-6.8089660022201002054,1.0,-6.8089660022201002054,-6.8089660022201002054,-385.98265479891955107,-383.9876277602690617,-3.0366482221206614505,3.3184552306765970897,6.3551034527972585404
144,144,0.72,0.72,-160.48461299196843395,-4.8132451890370081954,-3.9784714412406144276,-0.05083079073513153273,3.895854928349863259,1.0,3.895854928349863259,3.9784714412406144276,0.72,0.72,4.762378354408907291,-7.064025272851451237,1.0,-7.064025272851451237,-7.064025272851451237,-385.9338977479154586,-383.86413834296998338,-3.0366482221206614505,3.3184552306765970897,6.3551034527972585404
145,145,0.725,0.725,-165.32327208180166156,-4.864216094481456358,-3.977184488169652337,-0.051117113911475636767,3.8740330085992150467,1.0,3.8740330085992150467,3.977184488169652337,0.725,0.725,4.726422012183381586,-7.3180696264483391655,1.0,-7.3180696264483391655,-7.3180696264483391655,-385.88416064904311945,-383.73996624849375606,-3.0366482221206614505,3.3184552306765970897,6.3551034527972585404
146,146,0.73,0.73,-170.21304518093134667,-4.915479416859959469,-3.9758901519284679028,-0.051415872980868877057,3.8515224018673513374,1.0,3.8515224018673513374,3.9758901519284679028,0.73,0.73,4.689197658144423837,-7.571364569261623878,1.0,-7.571364569261623878,-7.571364569261623878,-385.833491605180174,-383.61508178638651823,-3.0366482221206614505,3.3184552306765970897,6.3551034527972585404
147,147,0.735,0.735,-175.1542309155215805,-4.967047840443194112,-3.9745881122547279804,-0.05172759985747979114,3.8283119097540686902,1.0,3.8283119097540686902,3.9745881122547279804,0.735,0.735,4.650708366490765283,-7.82418173393762309,1.0,-7.82418173393762309,-7.82418173393762309,-385.78193930407441406,-383.4894540560306905,-3.0366482221206614505,3.3184552306765970897,6.3551034527972585404
148,148,0.74,0.74,-180.14714086181773489,-5.018934616574919051,-3.9732780345681971194,-0.052052897565080556014,3.8043873801605588745,1.0,3.8043873801605588745,3.9732780345681971194,0.74,0.74,4.6109558408050475395,-8.076796894455950615,1.0,-8.076796894455950615,-8.076796894455950615,-385.72955226541672788,-383.36305077534113436,-3.0366482221206614505,3.3184552306765970897,6.3551034527972585404
149,149,0.745,0.745,-185.1921001486714186,-5.071153635573355224,-3.97195956815531559,-0.052392442247005909656,3.7797319251461237138,1.0000000000000142,3.7797319251461774271,3.97195956815531559,0.745,0.745,4.569940397546205708,-8.329488550977270367,1.0000000000000142,-8.329488550977388736,-8.329488550977388736,-385.67637825103989993,-383.23583810560355972,-3.0366482221206614505,3.3184552306765970897,6.3551034527972585404
150,150,0.75,0.75,-190.28944813296444534,-5.1237195010689308705,-3.970632344292262166,-0.052746986061433371457,3.7543261024761081252,1.0000000000000142,3.7543261024761614775,3.970632344292262166,0.75,0.75,4.527660955295274765,-8.582537006932110024,1.0000000000000142,-8.582537006932231989,-8.582537006932231989,-385.6224638134087229,-383.10778047037761465,-3.0366482221206614505,3.3184552306765970897,6.3551034527972585404
151,151,0.755,0.755,-195.43953915080928034,-5.176647607696221967,-3.9692959742833275774,-0.053117361030159234575,3.7281480622680908163,1.0,3.7281480622680908163,3.9692959742833275774,0.755,0.755,4.4841150274768845343,-8.836223869562851968,1.0,-8.836223869562851968,-8.836223869562851968,-385.56785396001061175,-382.97884036622869613,-3.0366482221206614505,3.3184552306765970897,6.3551034527972585404
152,152,0.76,0.76,-200.64274334835688927,-5.2299542231292493397,-3.967950047389623512,-0.053504483917591341702,3.7011736605550948987,1.0,3.7011736605550948987,3.967950047389623512,0.76,0.76,4.4392987165996461696,-9.090831914368928901,1.0,-9.090831914368928901,-9.090831914368928901,-385.51259191378884633,-382.84897816287875016,-3.0366482221206614505,3.3184552306765970897,6.3551034527972585404
153,153,0.765,0.765,-205.89944759706777902,-5.2836565755314046505,-3.9665941286210788573,-0.053909362230296450913,3.6733765417482991211,1.0,3.6733765417482991211,3.9665941286210788573,0.765,0.765,4.393206708333195168,-9.346645263093806777,1.0,-9.346645263093806777,-9.346645263093806777,-385.45671895225278147,-382.71815189016629608,-3.0366482221206614505,3.3184552306765970897,6.3551034527972585404
154,154,0.77,0.77,-211.21005649941969858,-5.3377729475898422415,-3.9652277563621862264,-0.054333101445640838434,3.6447281919937355183,1.0,3.6447281919937355183,3.9652277563621862264,0.77,0.77,4.345832263968708022,-9.603949833783506612,1.0,-9.603949833783506612,-9.603949833783506612,-385.4002743102643588,-382.58631700896579136,-3.0366482221206614505,3.3184552306765970897,6.3551034527972585404
155,155,0.775,0.775,-216.5749934922474635,-5.3923227784226863274,-3.9638504397989695164,-0.054776913600982767016,3.6151979653309611312,1.0,3.6151979653309611312,3.9638504397989695164,0.775,0.775,4.29716720999536002,-9.863034029905118544,1.0,-9.863034029905118544,-9.863034029905118544,-385.3432951336899417,-382.45342616292774196,-3.0366482221206614505,3.3184552306765970897,6.3551034527972585404
156,156,0.78,0.78,-221.99470205626507123,-5.4473267747918077755,-3.962461656110997208,-0.055242127403215230547,3.5847530843979941112,1.0,3.5847530843979941112,3.962461656110997208,0.78,0.78,4.247201923669656753,-10.1241896434761174395,1.0,-10.1241896434761174395,-10.1241896434761174395,-385.28581647308767533,-382.3194289075491729,-3.0366482221206614505,3.3184552306765970897,6.3551034527972585404
157,157,0.785,0.785,-227.46964704183107905,-5.5028070332291167885,-3.9610608473878427258,-0.055730200053488658518,3.553358617182754861,1.0,3.553358617182754861,3.9610608473878427258,0.785,0.785,4.195925313560598759,-10.387712954630810652,1.0,-10.387712954630810652,-10.387712954630810652,-385.22787130836410976,-382.18427141265728225,-3.0366482221206614505,3.3184552306765970897,6.3551034527972585404
158,158,0.79,0.79,-233.00031612272330481,-5.5587871748987850926,-3.959647417223978143,-0.056242731023881227526,3.5209774310798934618,1.0,3.5209774310798934618,3.959647417223978143,0.79,0.79,4.1433247941233485576,-10.653906017115760851,1.0,-10.653906017115760851,-10.653906017115760851,-385.16949059688154688,-382.04789613386662894,-3.0366482221206614505,3.3184552306765970897,6.3551034527972585404
159,159,0.795,0.795,-238.58722139162864924,-5.6152924952768792435,-3.9582207269395463637,-0.056781478073968244535,3.487570125233677622,1.0,3.487570125233677622,3.9582207269395463637,0.795,0.795,4.08938625338944106,-10.923078125938389921,1.0,-10.923078125938389921,-10.923078125938389921,-385.1107033388390303,-381.91024144793908204,-3.0366482221206614505,3.3184552306765970897,6.3551034527972585404
160,160,0.8,0.8,-244.2309011132770633,-5.6723501310467215816,-3.9567800913664572223,-0.057348375858008632938,3.4530949418287349934,1.0,3.4530949418287349934,3.9567800913664572223,0.8,0.8,4.034094012863964565,-11.195547469947627062,1.0,-11.195547469947627062,-11.195547469947627062,-385.05153665489855772,-381.771241246203903,-3.0366482221206614505,3.3184552306765970897,6.3551034527972585404
161,161,0.805,0.805,-249.9319216537220924,-5.7299892469928965094,-3.955324774129542226,-0.057945557549040748596,3.4175076567308135193,1.0,3.4175076567308135193,3.955324774129542226,0.805,0.805,3.9774307786899646938,-11.471642978659675333,1.0,-11.471642978659675333,-11.471642978659675333,-384.99201587200567878,-381.6308244792583939,-3.0366482221206614505,3.3184552306765970897,6.3551034527972585404
162,162,0.81,0.81,-255.69087960726285631,-5.788241246144803079,-3.953853982340686671,-0.058575380000115261775,3.3807614495542850609,1.0,3.3807614495542850609,3.953853982340686671,0.81,0.81,3.9193775830773677142,-11.751706379334841329,1.0,-11.751706379334841329,-11.751706379334841329,-384.93216461417458113,-381.48891464502947263,-3.0366482221206614505,3.3184552306765970897,6.3551034527972585404
163,163,0.815,0.815,-261.50840414601169856,-5.847140006993127033,-3.9523668606094036235,-0.05924045307862321752,3.3428067529220367063,1.0,3.3428067529220367063,3.9523668606094036235,0.815,0.815,3.8599137148966172273,-12.036094487409413095,1.0,-12.036094487409413095,-12.036094487409413095,-384.8720048956928721,-381.34542921088191406,-3.0366482221206614505,3.3184552306765970897,6.3551034527972585404
164,164,0.82,0.82,-267.38515962124911038,-5.906722152302049514,-3.9508624842556541656,-0.059943673953181449837,3.3035910803874332983,1.0,3.3035910803874332983,3.9508624842556541656,0.82,0.82,3.7990166382032750487,-12.325181761146546899,1.0,-12.325181761146546899,-12.325181761146546899,-384.81155721477099546,-381.20027895875505722,-3.0366482221206614505,3.3184552306765970897,6.3551034527972585404
165,165,0.825,0.825,-273.3218484506157976,-5.9670273548994899326,-3.9493398515890174695,-0.060688267292649630824,3.2630588321536646947,1.0,3.2630588321536646947,3.9493398515890174695,0.825,0.825,3.7366618972851516533,-12.619363160101627258,1.0,-12.619363160101627258,-12.619363160101627258,-384.75084064612574275,-381.05336724021596595,-3.0366482221206614505,3.3184552306765970897,6.3551034527972585404
166,166,0.83,0.83,-279.31921433104809024,-6.0280986868873487755,-3.9477978750915589355,-0.061477832563300874313,3.2211510773981999307,1.0,3.2211510773981999307,3.9477978750915589355,0.83,0.83,3.6728230066022586687,-12.9190573571103604344,1.0,-12.9190573571103604344,-12.9190573571103604344,-384.68987293136886815,-380.90458912573553255,-3.0366482221206614505,3.3184552306765970897,6.3551034527972585404
167,167,0.835,0.835,-285.37804582439049514,-6.0899830200260916813,-3.946235371308608754,-0.062316399897409738284,3.1778053116578401389,1.0,3.1778053116578401389,3.946235371308608754,0.835,0.835,3.6074713237140479387,-13.224710365475295826,1.0,-13.224710365475295826,-13.224710365475295826,-384.6286705663811517,-380.75383042929689004,-3.0366482221206614505,3.3184552306765970897,6.3551034527972585404
168,168,0.84,0.84,-291.4991803711002736,-6.152731486682168252,-3.9446510492104029041,-0.0632084963735597416,3.132955187338056903,1.0,3.132955187338056903,3.9446510492104029041,0.84,0.84,3.5405759029475055975,-13.536799657448627954,1.0,-13.536799657448627954,-13.536799657448627954,-384.56724888509692642,-380.60096658546447843,-3.0366482221206614505,3.3184552306765970897,6.3551034527972585404
169,169,0.845,0.845,-297.68350879775483164,-6.2164000127732111645,-3.9430434967358681882,-0.06415922502052030102,3.0865302150087726512,1.0,3.0865302150087726512,3.9430434967358681882,0.845,0.845,3.4721033271395615439,-13.855838867800757991,1.0,-13.855838867800757991,-13.855838867800757991,-384.50562213932229688,-380.4458613510566748,-3.0366482221206614505,3.3184552306765970897,6.3551034527972585404
170,170,0.85,0.85,-303.93198039664669594,-6.281049936723208854,-3.941411165164760546,-0.06517435946795845092,3.0384554326880583996,1.0,3.0384554326880583996,3.941411165164760546,0.85,0.85,3.4020175142694978995,-14.182383198220388676,1.0,-14.182383198220388676,-14.182383198220388676,-384.44380357436494194,-380.28836529728636806,-3.0366482221206614505,3.3184552306765970897,6.3551034527972585404
171,171,0.855,0.855,-310.24560867120124935,-6.3467487317091280663,-3.9397523508818204927,-0.06626045796629933399,2.9886510397815584242,1.0,2.9886510397815584242,3.9397523508818204927,0.855,0.855,3.3302794951573575363,-14.517035665882735029,1.0,-14.517035665882735029,-14.517035665882735029,-384.38180550037308145,-380.1283140502694401,-3.0366482221206614505,3.3184552306765970897,6.3551034527972585404
172,172,0.86,0.86,-316.62547786006495207,-6.413570852655807522,-3.9380651739911871655,-0.06742500155009892304,2.937031991764073018,1.0,2.937031991764073018,3.9380651739911871655,0.86,0.86,3.2568471576106704255,-14.860454374556156976,1.0,-14.860454374556156976,-14.860454374556156976,-384.31963935937435609,-379.9655262276294021,-3.0366482221206614505,3.3184552306765970897,6.3551034527972585404
173,173,0.865,0.865,-323.0727503765128644,-6.4815987348093259124,-3.9363475531036411382,-0.06867656251805780154,2.883507550997663046,1.0,2.883507550997663046,3.9363475531036411382,0.865,0.865,3.1816749514117958397,-15.213361031530290957,1.0,-15.213361031530290957,-15.213361031530290957,-384.25731578807451946,-379.79980100583614422,-3.0366482221206614505,3.3184552306765970897,6.3551034527972585404
174,174,0.87,0.87,-329.5886753296836039,-6.550923977691923125,-3.9345971754431895693,-0.07002501128001140107,2.8279807882574397296,1.0,2.8279807882574397296,3.9345971754431895693,0.87,0.87,3.104713547295367386,-15.576550991801827506,1.0,-15.576550991801827506,-15.576550991801827506,-384.1948446765278106,-379.63091523592987514,-3.0366482221206614505,3.3184552306765970897,6.3551034527972585404
175,175,0.875,0.875,-336.17459833189671065,-6.6216487573693487145,-3.9328114611890415864,-0.071481772165427892585,2.770348028572793558,1.0,2.770348028572793558,3.9328114611890415864,0.875,0.875,3.025909441493777432,-15.950905186971297167,1.0,-15.950905186971297167,-15.950905186971297167,-384.1322352228273643,-379.45862000304477424,-3.0366482221206614505,3.3184552306765970897,6.3551034527972585404
176,176,0.88,0.88,-342.83197284442230132,-6.6938875220227789103,-3.9309875206644895364,-0.0730601422749265067,2.7104982338002428161,1.0,2.7104982338002428161,3.9309875206644895364,0.88,0.88,2.9452044954256542785,-16.337404396673372076,1.0,-16.337404396673372076,-16.337404396673372076,-384.06949598398927861,-379.2826364957639806,-3.0366482221206614505,3.3184552306765970897,6.3551034527972585404
177,177,0.885,0.885,-349.56237337594226847,-6.767769041919201728,-3.9291221025776620313,-0.07477569228997825446,2.6483123129028316963,1.0,2.6483123129028316963,3.9291221025776620313,0.885,0.885,2.8625353975270435719,-16.737146454293914288,1.0,-16.737146454293914288,-16.737146454293914288,-384.00663492321957712,-379.10265101211146024,-3.0366482221206614505,3.3184552306765970897,6.3551034527972585404
178,178,0.89,0.89,-356.36751092826070478,-6.8434389066027354193,-3.927211530970494972,-0.076646774942114373474,2.5836623490934832472,1.0,2.5836623490934832472,3.927211530970494972,0.89,0.89,2.7778330308827149928,-17.151367159422868713,1.0,-17.151367159422868713,-17.151367159422868713,-383.94365945376343532,-378.91830887605253478,-3.0366482221206614505,3.3184552306765970897,6.3551034527972585404
179,179,0.895,0.895,-363.2492511891477393,-6.921062591803430475,-3.9252516277830323654,-0.07869517650047546525,2.5164107306651289453,1.0,2.5164107306651289453,3.9252516277830323654,0.895,0.895,2.6910217259328147385,-17.58146591622439539,1.0,-17.58146591622439539,-17.58146591622439539,-383.88057647953847568,-378.72920696608472782,-3.0366482221206614505,3.3184552306765970897,6.3551034527972585404
180,180,0.9,0.9,-370.20963611186756573,-7.0008292596036863498,-3.923237616903868482,-0.0809469605818583654,2.4464091693365521108,1.0,2.4464091693365521108,3.923237616903868482,0.9,0.9,2.602018371720470889,-18.029037458158784182,1.0,-18.029037458158784182,-18.029037458158784182,-383.81739243275333331,-378.53488445751280955,-3.0366482221206614505,3.3184552306765970897,6.3551034527972585404
181,181,0.905,0.905,-377.250909708355112,-7.0829565129671472057,-3.9211640041241037466,-0.083433574051721429155,2.3734975859313190082,1.0,2.3734975859313190082,3.9211640041241037466,0.905,0.905,2.5107313513512267429,-18.495911498099059045,1.0,-18.495911498099059045,-18.495911498099059045,-383.75411330870938517,-378.33481123976636087,-3.0366482221206614505,3.3184552306765970897,6.3551034527972585404
182,182,0.91,0.91,-384.37554913780186014,-7.167696407707129208,-3.9190244253424891708,-0.086193315344097652664,2.2975028377411568074,1.0,2.2975028377411568074,3.9190244253424891708,0.91,0.91,2.417059256739480141,-18.984202824418432973,1.0,-18.984202824418432973,-18.984202824418432973,-383.69074469797732083,-378.12837327042271995,-3.0366482221206614505,3.3184552306765970897,6.3551034527972585404
183,183,0.915,0.915,-391.58630252376937042,-7.255343143655342511,-3.9168114523728154949,-0.08927331204830372957,2.218237254267362884,1.0,2.218237254267362884,3.9168114523728154949,0.915,0.915,2.3208893231070422513,-19.496375350390448278,1.0,-19.496375350390448278,-19.496375350390448278,-383.62729181613282944,-377.9148538384684281,-3.0366482221206614505,3.3184552306765970897,6.3551034527972585404
184,184,0.92,0.92,-398.88623542511254516,-7.3462430318037366672,-3.91451634128576243,-0.092732226944059116536,2.135496936969327135,1.0,2.135496936969327135,3.91451634128576243,0.92,0.92,2.222095503235575492,-20.035325079341817875,1.0,-20.035325079341817875,-20.035325079341817875,-383.56375953122612504,-377.69340928297897242,-3.0366482221206614505,3.3184552306765970897,6.3551034527972585404
185,185,0.925,0.925,-406.27878858737684376,-7.440807597543460744,-3.9121287015681283734,-0.09664402681691008912,2.0490597620952293292,1.0,2.0490597620952293292,3.9121287015681283734,0.925,0.925,2.1205360723136239018,-20.604489137594533016,1.0,-20.604489137594533016,-20.604489137594533016,-383.5001523891523844,-377.46303707183718623,-3.0366482221206614505,3.3184552306765970897,6.3551034527972585404
186,186,0.93,0.93,-413.76785062019946665,-7.5395310854375568455,-3.9096360541487124695,-0.10110333657698333809,1.9586830000075892155,1.0,1.9586830000075892155,3.9096360541487124695,0.93,0.93,2.0160506118596299861,-21.207991397151549795,1.0,-21.207991397151549795,-21.207991397151549795,-383.43647463707909448,-377.2225331577136904,-3.0366482221206614505,3.3184552306765970897,6.3551034527972585404
187,187,0.935,0.935,-421.35785075825195745,-7.6430142706974274203,-3.9070232301876337995,-0.106233217990981614054,1.8641004230352311051,1.0000000000000142,1.8641004230352575955,3.9070232301876337995,0.935,0.935,1.9084561583421082229,-21.850840529087284345,1.0000000000000142,-21.850840529087594864,-21.850840529087594864,-383.37273024507725475,-376.97043397005468043,-3.0366482221206614505,3.3184552306765970897,6.3551034527972585404
188,188,0.94,0.94,-429.0538791615943215,-7.7519975214195200736,-3.9042715362952604282,-0.1121967637678819088,1.7650187041675776243,0.9999999999999858,1.7650187041675525418,3.9042715362952604282,0.94,0.94,1.7975422065687593011,-22.539204966350150167,0.9999999999999858,-22.539204966349829866,-22.539204966349829866,-383.30892292609364144,-376.70493587095304744,-3.0366482221206614505,3.3184552306765970897,6.3551034527972585404
189,189,0.945,0.945,-436.8618458010909976,-7.867407798233191238,-3.9013575678485390848,-0.11921489514763145695,1.6611127858825883283,1.0,1.6611127858825883283,3.9013575678485390848,0.945,0.945,1.6830641086786090597,-23.280803743387696647,1.0,-23.280803743387696647,-23.280803743387696647,-383.24505615439291928,-376.42378065758032415,-3.0366482221206614505,3.3184552306765970897,6.3551034527972585404
190,190,0.95,0.95,-444.78869475806070397,-7.9904273117147829875,-3.8982514754751959047,-0.12759463714674940116,1.5520196696795711994,1.0,1.5520196696795711994,3.8982514754751959047,0.95,0.95,1.5647341691348821361,-24.085477403579506298,1.0,-24.085477403579506298,-24.085477403579506298,-383.18113318258785147,-376.12408830333905613,-3.0366482221206614505,3.3184552306765970897,6.3551034527972585404
191,191,0.955,0.955,-452.84270042452056357,-8.12259707252669004,-3.8949143505392735442,-0.13777590262750653849,1.437329626014344746,1.0,1.437329626014344746,3.8949143505392735442,0.955,0.955,1.4422093346428137914,-24.966049016385844075,1.0,-24.966049016385844075,-24.966049016385844075,-383.11715705736756693,-375.80210469556651462,-3.0366482221206614505,3.3184552306765970897,6.3551034527972585404
192,192,0.96,0.96,-461.03388890311408405,-8.2659791169697960644,-3.891294129144187906,-0.1504127804790277162,1.3165728734400617676,1.0,1.3165728734400617676,3.891294129144187906,0.96,0.96,1.3150736789710234825,-25.939673044769447185,1.0,-25.939673044769447185,-25.939673044769447185,-383.0531306340267052,-375.45280643190925718,-3.0366482221206614505,3.3184552306765970897,6.3551034527972585404
193,193,0.965,0.965,-469.3746586584601557,-8.423422633484745473,-3.8873188727638040502,-0.16652353331508670115,1.1891976026156159021,1.0,1.1891976026156159021,3.8873188727638040502,0.965,0.965,1.1828126041951190984,-27.030048089112565325,1.0,-27.030048089112565325,-27.030048089112565325,-382.98905658989082326,-375.0692524997808416,-3.0366482221206614505,3.3184552306765970897,6.3551034527972585404
194,194,0.97,0.97,-477.880734170083575,-8.599026183599969467,-3.882885097728378453,-0.18778928583832883714,1.0545297390814393948,1.0,1.0545297390814393948,3.882885097728378453,0.97,0.97,1.0447731980798975988,-28.271260047052768155,1.0,-28.271260047052768155,-28.271260047052768155,-382.92493743672340026,-374.64145824293693918,-3.0366482221206614505,3.3184552306765970897,6.3551034527972585404
195,195,0.975,0.975,-486.57271102566009463,-8.799001205161403147,-3.8778359728232953847,-0.21721152294002988442,0.9116891402306352492,1.0,0.9116891402306352492,3.8778359728232953847,0.975,0.975,0.90010000372459117576,-29.714961715520220115,1.0,-29.714961715520220115,-29.714961715520220115,-382.86077553219579833,-374.15429174954837382,-3.0366482221206614505,3.3184552306765970897,6.3551034527972585404
196,196,0.98,0.98,-495.47873658040638128,-9.033449229480029236,-3.8719164467280273439,-0.2607765254154824422,0.75938348469775891774,1.0,0.75938348469775891774,3.8719164467280273439,0.98,0.98,0.7476235809246951443,-31.445149427470394266,1.0,-31.445149427470394266,-31.445149427470394266,-382.7965730904949141,-373.58314430824608857,-3.0366482221206614505,3.3184552306765970897,6.3551034527972585404
197,197,0.985,0.985,-504.6396094846201531,-9.320554255992368031,-3.8646673956794560176,-0.33267387636869569234,0.59526581635737098975,1.0,0.59526581635737098975,3.8646673956794560176,0.985,0.985,0.585648509449886965,-33.613020415956313118,1.0,-33.613020415956313118,-33.613020415956313118,-382.73233219213605918,-372.88371721026085945,-3.0366482221206614505,3.3184552306765970897,6.3551034527972585404
198,198,0.99,0.99,-514.11984509239111735,-9.69879698221742062,-3.8551172290924619127,-0.4076827375589826552,0.48574386000028340176,1.0,0.48574386000028340176,3.8551172290924619127,0.99,0.99,0.41149337676513172648,-36.53852756908593754,1.0,-36.53852756908593754,-36.53852756908593754,-382.6680547930437417,-371.962266215301562,-3.0366482221206614505,3.3184552306765970897,6.3551034527972585404
199,199,0.995,0.995,-524.03720344905499434,-10.135919731110333342,-3.8440804138903415538,-0.4665627602268427876,0.4244431906676410995,0.9999999999999432,0.4244431906676169727,3.8440804138903415538,0.995,0.995,0.22026323375902727805,-39.953529633355782877,0.9999999999999432,-39.95352963335351178,-39.95352963335351178,-382.60375961753747048,-370.8973754349642261,-3.0366482221206614505,3.3184552306765970897,6.3551034527972585404
